"DataMessageGUID","SensorID","Sensor Name","Date","Formatted Value"
"12443d5f-4738-4be8-b0b3-c9f84fff41ce","465974","Humidity - 465974","19-11-16 21:23","26.08% @ 29° C"
"d8ec330b-e66c-4b76-b5ff-8a43d5e7f62f","465974","Humidity - 465974","19-11-16 21:13","26.17% @ 29° C"
"fd89eed7-93da-4f62-bebe-c445063ae34b","465974","Humidity - 465974","19-11-16 21:03","26.35% @ 29° C"
"ee93cc5a-7226-472f-b484-d54acc06451a","465974","Humidity - 465974","19-11-16 20:53","26.58% @ 29.1° C"
"868d6ace-df94-4032-9d19-718109eab581","465974","Humidity - 465974","19-11-16 20:43","26.63% @ 29.1° C"
"c5bacdf0-b828-4644-98f0-02fc3bc6d7f6","465974","Humidity - 465974","19-11-16 20:33","26.76% @ 29.1° C"
"f3c65847-0fc9-491d-a01e-0dca4bc6028d","465974","Humidity - 465974","19-11-16 20:23","26.83% @ 29.1° C"
"ab79d4fb-0259-4df9-a780-0aa1f8ce9c01","465974","Humidity - 465974","19-11-16 20:13","26.9% @ 29.1° C"
"a36a4f81-542d-47b9-b3d5-d427c606c7fc","465974","Humidity - 465974","19-11-16 20:03","27.03% @ 29.1° C"
"1f56c264-58ca-4e88-9494-81977c85f21d","465974","Humidity - 465974","19-11-16 19:53","27.17% @ 29.1° C"
"6bca02a9-c6b1-4107-aed8-91f1474efbd6","465974","Humidity - 465974","19-11-16 19:43","27.43% @ 29.1° C"
"c9a15b4d-4442-44f3-bf52-b9c78027751e","465974","Humidity - 465974","19-11-16 19:33","27.73% @ 29.1° C"
"8e351789-c193-49f4-9f95-b5d5e4f930e1","465974","Humidity - 465974","19-11-16 19:23","28.05% @ 29.1° C"
"fc12d2b8-9921-428c-8eec-1f1b39d5fc78","465974","Humidity - 465974","19-11-16 19:13","28.41% @ 29.1° C"
"89a2446d-6906-41d9-884a-bf3e69c8c49c","465974","Humidity - 465974","19-11-16 19:03","28.62% @ 29.2° C"
"c0f94637-2ca6-4c53-b5da-13c5a1c9cdc0","465974","Humidity - 465974","19-11-16 18:53","28.82% @ 29.1° C"
"39f9cb78-c7f8-4fbe-94ae-d961be24bb17","465974","Humidity - 465974","19-11-16 18:43","28.96% @ 29.1° C"
"a5ab3eb7-04db-4760-bb56-4ba14e756559","465974","Humidity - 465974","19-11-16 18:33","29.17% @ 29.2° C"
"9b32ca7d-fa88-4cdd-b4cb-a29a21bdb170","465974","Humidity - 465974","19-11-16 18:23","29.33% @ 29.2° C"
"a134560d-6e2d-4a1a-afef-b89d59e45193","465974","Humidity - 465974","19-11-16 18:13","29.44% @ 29.1° C"
"3e20e6ef-1ffd-460e-acfd-24b3f850d256","465974","Humidity - 465974","19-11-16 18:03","29.38% @ 29.2° C"
"d5205d9c-3b39-4739-93cf-47d380811680","465974","Humidity - 465974","19-11-16 17:53","29.3% @ 29.2° C"
"712fa0ed-b879-43ee-b678-1e4f7519236d","465974","Humidity - 465974","19-11-16 17:43","29.28% @ 29.2° C"
"a3de4c7f-9c94-4dd3-ab93-be7ee0bb5418","465974","Humidity - 465974","19-11-16 17:33","29.19% @ 29.1° C"
"ec2d622f-5030-44a4-815c-9e3cb7f0f60e","465974","Humidity - 465974","19-11-16 17:23","29.09% @ 29.1° C"
"da2646fc-81b5-47b0-8abc-e34e70d014d8","465974","Humidity - 465974","19-11-16 17:13","29.11% @ 29.1° C"
"13099a11-bc53-4ae2-8f9c-c2987f01d2e9","465974","Humidity - 465974","19-11-16 17:03","29.07% @ 29.1° C"
"54d1b5fe-8aef-4588-bdf0-498f83cc0d08","465974","Humidity - 465974","19-11-16 16:53","29.2% @ 29.1° C"
"290d8082-8694-458a-84bf-bc73caa88657","465974","Humidity - 465974","19-11-16 16:43","29.25% @ 29.1° C"
"ed7910b9-7291-422a-8954-8fbdac14de4a","465974","Humidity - 465974","19-11-16 16:33","29.53% @ 29.1° C"
"a1954b50-1956-4e88-b1e1-356b2b002b50","465974","Humidity - 465974","19-11-16 16:23","29.72% @ 29.1° C"
"cb1d07e8-948a-4245-906c-fbf86a0e1ab1","465974","Humidity - 465974","19-11-16 16:13","29.95% @ 29.1° C"
"c7301a4b-bac4-4487-a372-b3745858d690","465974","Humidity - 465974","19-11-16 16:03","30.05% @ 29.1° C"
"512aa587-0bbb-46df-b9fc-42807205b7d2","465974","Humidity - 465974","19-11-16 15:53","30.23% @ 29.1° C"
"eb333949-e272-497e-a49e-ae2299e49f7b","465974","Humidity - 465974","19-11-16 15:43","30.26% @ 29.1° C"
"18b29aa6-cf52-498d-b099-a2f2db163cfe","465974","Humidity - 465974","19-11-16 15:33","30.37% @ 29.1° C"
"983ad106-1425-4f18-988c-e12b085cae35","465974","Humidity - 465974","19-11-16 15:23","30.59% @ 29.1° C"
"ce3900aa-1f0b-41f8-9ca3-11fd8535e6d7","465974","Humidity - 465974","19-11-16 15:13","30.93% @ 29.1° C"
"703b3239-c229-4c50-8096-4de703526d3b","465974","Humidity - 465974","19-11-16 15:03","31.13% @ 29.1° C"
"6444283d-29f6-41f7-95fd-d176e46dac60","465974","Humidity - 465974","19-11-16 14:53","31.37% @ 29.1° C"
"92291917-1e31-412b-a357-a6575b200400","465974","Humidity - 465974","19-11-16 14:43","31.58% @ 29.2° C"
"ba25ded5-97a0-4ac1-8d4b-a66dd20440a9","465974","Humidity - 465974","19-11-16 14:33","31.77% @ 29.1° C"
"45230384-b6a5-4a8d-a92c-c5d083500f4e","465974","Humidity - 465974","19-11-16 14:23","32.01% @ 29.2° C"
"3f8e8dae-b243-495d-be44-67e95554dcea","465974","Humidity - 465974","19-11-16 14:13","32.16% @ 29.2° C"
"f3b4d794-586f-483c-9ba9-ec298d0ed737","465974","Humidity - 465974","19-11-16 14:03","32.43% @ 29.2° C"
"773a765f-0d4f-400e-b9f2-5a7dff1a2f6f","465974","Humidity - 465974","19-11-16 13:53","32.65% @ 29.2° C"
"fb89fac4-c830-4d34-8ea4-d6d04bd2d9e3","465974","Humidity - 465974","19-11-16 13:43","32.89% @ 29.2° C"
"bd5d04f0-67e0-4efc-bb1f-06b600c8bba7","465974","Humidity - 465974","19-11-16 13:33","33.33% @ 29.2° C"
"36a2ebe5-d85e-4ae2-b804-30cb7db78795","465974","Humidity - 465974","19-11-16 13:23","33.58% @ 29.2° C"
"f3d09dee-7f52-44c8-9872-9f62be6a4fc3","465974","Humidity - 465974","19-11-16 13:13","33.95% @ 29.2° C"
"615c34e2-36f9-46d1-b021-63986a912607","465974","Humidity - 465974","19-11-16 13:03","34.33% @ 29.2° C"
"4aa25db0-f358-43fc-aebb-b98d3298b4f3","465974","Humidity - 465974","19-11-16 12:53","34.82% @ 29.1° C"
"e7d6835e-1583-487e-8c71-e53a33ac79b6","465974","Humidity - 465974","19-11-16 12:43","35.16% @ 29.1° C"
"cf1f3fdd-8d34-48c0-a101-d52d82005802","465974","Humidity - 465974","19-11-16 12:33","35.42% @ 29.1° C"
"a5447e60-ff7a-45dd-8d3f-134499250752","465974","Humidity - 465974","19-11-16 12:23","35.61% @ 29.1° C"
"db1b489a-f7f4-4bd4-a2f1-3c5e8065ad88","465974","Humidity - 465974","19-11-16 12:13","35.81% @ 29.1° C"
"f6af132b-0036-41c8-935d-1d6245248790","465974","Humidity - 465974","19-11-16 12:03","35.95% @ 29° C"
"5c25cdf6-c0eb-4b25-aee3-079fd0ef27bf","465974","Humidity - 465974","19-11-16 11:53","36.09% @ 29° C"
"79707024-97b7-4cf9-bcc8-8e597a4c457c","465974","Humidity - 465974","19-11-16 11:43","36.2% @ 28.9° C"
"b04c13d3-5ca2-40c8-a384-8cf1f57a64ca","465974","Humidity - 465974","19-11-16 11:33","36.23% @ 28.9° C"
"8c6b37d9-8713-46b7-a42e-221dda7f619e","465974","Humidity - 465974","19-11-16 11:23","36.36% @ 28.8° C"
"31fc706b-65ea-496d-a693-4ad9a591b2b2","465974","Humidity - 465974","19-11-16 11:13","36.47% @ 28.8° C"
"718f2cb6-9423-4990-87f7-f5a583f76cd6","465974","Humidity - 465974","19-11-16 11:03","36.52% @ 28.7° C"
"55f89f99-0a8b-4c64-8ef4-468521e7ed6c","465974","Humidity - 465974","19-11-16 10:53","36.69% @ 28.6° C"
"668a2635-d49f-4d04-bcd2-2091bf1cb987","465974","Humidity - 465974","19-11-16 10:43","36.78% @ 28.6° C"
"d6cc84cf-2739-4e19-8ca8-c78a05835698","465974","Humidity - 465974","19-11-16 10:33","36.89% @ 28.5° C"
"a9b2a6fa-aad6-42fe-8c1f-5240670206e1","465974","Humidity - 465974","19-11-16 10:23","37% @ 28.4° C"
"b86b19af-b908-47d1-8484-b06344c79ef4","465974","Humidity - 465974","19-11-16 10:13","37.13% @ 28.3° C"
"d987f8ff-2e9f-49f3-b25f-b3deb2f4f085","465974","Humidity - 465974","19-11-16 10:03","37.15% @ 28.2° C"
"c8cebe84-448c-4272-b4d9-25b6bfda53be","465974","Humidity - 465974","19-11-16 09:53","37.26% @ 28.1° C"
"ad727926-546b-4319-87fb-119005ce9039","465974","Humidity - 465974","19-11-16 09:43","37.29% @ 28.1° C"
"379fda93-e4fb-45b9-98f7-4b5505f346bc","465974","Humidity - 465974","19-11-16 09:33","37.28% @ 27.9° C"
"14c9786a-a435-421d-bd00-44d064480de4","465974","Humidity - 465974","19-11-16 09:23","37.34% @ 27.9° C"
"73c903be-7ea4-42a1-a02e-218f8a503249","465974","Humidity - 465974","19-11-16 09:13","37.31% @ 27.8° C"
"d17dd269-7a49-499f-bbdf-91f840ec82e5","465974","Humidity - 465974","19-11-16 09:03","37.3% @ 27.7° C"
"9ff45c15-83b3-4dae-bbe9-b48c0f232633","465974","Humidity - 465974","19-11-16 08:53","37.23% @ 27.6° C"
"f477ec97-df16-44cd-815d-1f98d863cb03","465974","Humidity - 465974","19-11-16 08:43","37.17% @ 27.5° C"
"5d289bf0-519b-49e7-8071-3c89122af038","465974","Humidity - 465974","19-11-16 08:33","37.11% @ 27.5° C"
"4c6f4187-1f68-4846-9034-25faade8f76e","465974","Humidity - 465974","19-11-16 08:23","37.04% @ 27.4° C"
"522709d3-29bf-4988-85db-d99f5527c436","465974","Humidity - 465974","19-11-16 08:13","36.95% @ 27.4° C"
"b58e3211-d261-4863-9c5b-9a9045a6801b","465974","Humidity - 465974","19-11-16 08:03","36.94% @ 27.3° C"
"f020b341-2e38-4c2a-a9cb-f4280aedf8be","465974","Humidity - 465974","19-11-16 07:53","36.85% @ 27.3° C"
"3607d10d-524b-4ca9-a7c4-58be3c438bac","465974","Humidity - 465974","19-11-16 07:43","36.72% @ 27.2° C"
"bac0aeb6-b97f-4c80-8e0c-ec69bb989d49","465974","Humidity - 465974","19-11-16 07:33","36.7% @ 27.2° C"
"b0937162-aa33-4027-8f4f-8adfcb933b39","465974","Humidity - 465974","19-11-16 07:23","36.63% @ 27.2° C"
"61563e0c-99d0-41e4-97c4-629c4797c2d1","465974","Humidity - 465974","19-11-16 07:13","36.59% @ 27.2° C"
"d1708905-d04c-4ea3-a6b6-6834692a0a1e","465974","Humidity - 465974","19-11-16 07:03","36.55% @ 27.2° C"
"03da4caf-34ec-4bdf-9aed-b1e4286e737f","465974","Humidity - 465974","19-11-16 06:53","36.49% @ 27.2° C"
"c553c587-8f86-4c73-927d-15f3c7700a43","465974","Humidity - 465974","19-11-16 06:43","36.48% @ 27.3° C"
"53a984e5-0520-4b48-8210-dcf40edf9a2f","465974","Humidity - 465974","19-11-16 06:33","36.42% @ 27.3° C"
"3cdde8b0-e8ce-4da5-a433-3b9583d81dcb","465974","Humidity - 465974","19-11-16 06:23","36.41% @ 27.3° C"
"cfaba7b0-7b6e-47f7-a1d2-af89a2a261eb","465974","Humidity - 465974","19-11-16 06:13","36.34% @ 27.3° C"
"4ad00a05-df8f-44d1-9813-5314fb7ad36c","465974","Humidity - 465974","19-11-16 06:03","36.31% @ 27.3° C"
"0da6d5b3-46b0-414d-b78a-10e2beb5c434","465974","Humidity - 465974","19-11-16 05:53","36.24% @ 27.3° C"
"92ace0da-7749-4671-9040-94b29d7c22fe","465974","Humidity - 465974","19-11-16 05:43","36.22% @ 27.3° C"
"f3c37b82-a61d-450f-9a8c-b0d3c12adbaa","465974","Humidity - 465974","19-11-16 05:33","36.2% @ 27.3° C"
"f0336c6e-dacd-4cb0-923b-e5754c34d8b5","465974","Humidity - 465974","19-11-16 05:23","36.15% @ 27.3° C"
"d7fea0e3-e550-481b-8d01-c82ef92b2c41","465974","Humidity - 465974","19-11-16 05:13","36.14% @ 27.3° C"
"4dd1e6d5-e6bb-45a9-ab6d-3ff4944fb6a7","465974","Humidity - 465974","19-11-16 05:03","36.08% @ 27.3° C"
"2a56e114-b650-4844-ac2a-25e7dddb6f3e","465974","Humidity - 465974","19-11-16 04:53","36% @ 27.4° C"
"29ea62c6-8c90-4966-b4df-7ac372fc53f6","465974","Humidity - 465974","19-11-16 04:43","35.98% @ 27.4° C"
"9e6e8c68-f090-4166-9c28-77dd1352d5ac","465974","Humidity - 465974","19-11-16 04:33","35.9% @ 27.3° C"
"6bc834ee-3add-4694-a9c5-e5009f4c14d2","465974","Humidity - 465974","19-11-16 04:23","35.81% @ 27.4° C"
"2488f86d-a379-4139-8b69-cc135749d3cb","465974","Humidity - 465974","19-11-16 04:13","35.76% @ 27.4° C"
"bd5bdeb5-29ba-4c69-985a-5339fbb7e704","465974","Humidity - 465974","19-11-16 04:03","35.64% @ 27.4° C"
"78a94485-e941-4f4b-b9d4-95a1c106aca3","465974","Humidity - 465974","19-11-16 03:53","35.58% @ 27.4° C"
"0cfefd08-6150-4332-b6dc-e9ba9bfcc5a7","465974","Humidity - 465974","19-11-16 03:43","35.47% @ 27.4° C"
"b0d8510d-77eb-451e-8cbe-48dc28728103","465974","Humidity - 465974","19-11-16 03:33","35.39% @ 27.4° C"
"486e4803-82ce-4016-a2a8-144c664e4105","465974","Humidity - 465974","19-11-16 03:23","35.35% @ 27.4° C"
"8def4906-9a39-4eec-a965-dcd14213a668","465974","Humidity - 465974","19-11-16 03:13","35.29% @ 27.4° C"
"89b2e62e-4057-4c8c-a3af-f0b813a5e933","465974","Humidity - 465974","19-11-16 03:03","35.2% @ 27.4° C"
"aff7bcfe-630c-4026-89ac-1efeb9630499","465974","Humidity - 465974","19-11-16 02:53","35.16% @ 27.4° C"
"6bcb45f0-d977-4d4f-9d32-3ac754bcdb4b","465974","Humidity - 465974","19-11-16 02:43","35.07% @ 27.4° C"
"738b87fd-625b-42da-aada-71a391acfe23","465974","Humidity - 465974","19-11-16 02:33","35.03% @ 27.4° C"
"86ebace9-dc0a-47ef-b320-c0256a2c7df2","465974","Humidity - 465974","19-11-16 02:23","34.93% @ 27.4° C"
"41e26730-c796-431f-befb-44485bb8babe","465974","Humidity - 465974","19-11-16 02:13","34.84% @ 27.4° C"
"2fbf74fa-fd48-47e3-be45-bb2c17efcce3","465974","Humidity - 465974","19-11-16 02:03","34.66% @ 27.4° C"
"fb78407d-a3b0-4f91-9b6f-38b826b9a40b","465974","Humidity - 465974","19-11-16 01:53","34.61% @ 27.4° C"
"9b9dd6bc-4637-4bc1-8136-0fe51763a650","465974","Humidity - 465974","19-11-16 01:43","34.54% @ 27.4° C"
"69395164-f726-48c1-b37f-ea40545d204a","465974","Humidity - 465974","19-11-16 01:33","34.31% @ 27.5° C"
"a99642e4-41a7-4663-a047-113542f43474","465974","Humidity - 465974","19-11-16 01:23","34.18% @ 27.4° C"
"dfecc7c0-33e9-4f67-9053-8f6a37a128f6","465974","Humidity - 465974","19-11-16 01:13","34.2% @ 27.5° C"
"3ee98b11-3f07-4f25-b672-e064b566ff99","465974","Humidity - 465974","19-11-16 01:03","34.09% @ 27.4° C"
"b88d2a72-2ff3-4c54-8e71-072744e94fa9","465974","Humidity - 465974","19-11-16 00:53","33.9% @ 27.5° C"
"57d41316-1af1-4634-859e-57f98038c13c","465974","Humidity - 465974","19-11-16 00:43","33.74% @ 27.5° C"
"851a9f9b-8f70-49a2-85ce-35f0e196d526","465974","Humidity - 465974","19-11-16 00:33","33.65% @ 27.5° C"
"8501118d-66b6-41ac-90a0-216364b44f61","465974","Humidity - 465974","19-11-16 00:23","33.41% @ 27.5° C"
"ab622eb9-3734-49c5-b3b6-b9ddc3e276ef","465974","Humidity - 465974","19-11-16 00:13","33.14% @ 27.5° C"
"f5e502b5-fac5-438d-b8b0-ab8e2aa3374a","465974","Humidity - 465974","19-11-16 00:03","32.87% @ 27.5° C"
"47afd309-91d4-473c-b590-316d70bfaa2b","465974","Humidity - 465974","19-11-15 23:53","32.67% @ 27.5° C"
"ba9cc926-a4d8-4049-a07d-989a8f9aa340","465974","Humidity - 465974","19-11-15 23:43","32.4% @ 27.5° C"
"eb63443e-0106-4299-976e-1292746d78d4","465974","Humidity - 465974","19-11-15 23:33","32.24% @ 27.5° C"
"b2861d51-ff3f-46a0-bb97-8c4ab6010a2e","465974","Humidity - 465974","19-11-15 23:23","32.01% @ 27.5° C"
"fad07851-95ba-4e70-958b-e2831504b5a8","465974","Humidity - 465974","19-11-15 23:13","31.88% @ 27.5° C"
"366b712c-3bb0-418f-83d7-ac0fab316be0","465974","Humidity - 465974","19-11-15 23:03","31.82% @ 27.5° C"
"275cdaae-41a7-46a3-a0d2-b0da8c78e780","465974","Humidity - 465974","19-11-15 22:53","31.68% @ 27.5° C"
"67121329-97b2-4f59-bd5d-bb1006c7921b","465974","Humidity - 465974","19-11-15 22:43","31.56% @ 27.5° C"
"56947e84-7427-489b-a6d4-23a1fa084c95","465974","Humidity - 465974","19-11-15 22:33","31.47% @ 27.5° C"
"7f446322-ddc2-4e91-bcae-67ab745c4dd5","465974","Humidity - 465974","19-11-15 22:23","31.36% @ 27.6° C"
"37c71186-b758-4f32-ae4b-c0c9f0b60879","465974","Humidity - 465974","19-11-15 22:13","31.27% @ 27.5° C"
"26ffef54-303b-47fd-ad36-c4881c818e18","465974","Humidity - 465974","19-11-15 22:03","31.14% @ 27.6° C"
"32c6b3c8-b420-45a9-aad9-664fef645931","465974","Humidity - 465974","19-11-15 21:53","31.09% @ 27.6° C"
"59db1e8c-4fda-445f-81b1-99ccaed66af6","465974","Humidity - 465974","19-11-15 21:43","31.01% @ 27.5° C"
"0d844bb4-7c25-4d8f-84a9-9a1b5a426dd7","465974","Humidity - 465974","19-11-15 21:33","30.97% @ 27.6° C"
"47c37206-fa34-4218-9263-f7c0c88433cd","465974","Humidity - 465974","19-11-15 21:23","30.95% @ 27.6° C"
"8cf96677-7c8e-4a6b-9201-11f6a7505878","465974","Humidity - 465974","19-11-15 21:13","30.87% @ 27.6° C"
"c35e3b72-d8f2-48b3-85af-046bc7c1d929","465974","Humidity - 465974","19-11-15 21:03","30.83% @ 27.6° C"
"3a0f88da-e084-48b1-99c2-e7d73b3bba76","465974","Humidity - 465974","19-11-15 20:53","30.75% @ 27.6° C"
"7ef97eee-36a0-4f1e-affa-46bd78c4a377","465974","Humidity - 465974","19-11-15 20:43","30.81% @ 27.6° C"
"01712416-b32a-47b2-8d5f-62d1f15064ed","465974","Humidity - 465974","19-11-15 20:33","30.75% @ 27.6° C"
"573c3470-0db2-4511-8d04-cea4e2f652ef","465974","Humidity - 465974","19-11-15 20:23","30.77% @ 27.6° C"
"74949b1c-43ac-446d-aa15-5601877f048e","465974","Humidity - 465974","19-11-15 20:13","30.72% @ 27.6° C"
"52160ed6-38c1-433a-865e-0a9242a50280","465974","Humidity - 465974","19-11-15 20:03","30.69% @ 27.6° C"
"47afad37-b3ef-40b5-8255-c8258bb40909","465974","Humidity - 465974","19-11-15 19:53","30.69% @ 27.7° C"
"9fc7a0ef-2019-446a-b1f9-300564b8c260","465974","Humidity - 465974","19-11-15 19:43","30.58% @ 27.6° C"
"a1b3a096-a4e0-47ef-a540-6f09a97a519f","465974","Humidity - 465974","19-11-15 19:33","30.55% @ 27.6° C"
"c6eb601b-c513-4c0e-b74f-fe624ce54fd2","465974","Humidity - 465974","19-11-15 19:23","30.6% @ 27.7° C"
"bd271dbd-8f97-44d4-ae1f-447a1419a633","465974","Humidity - 465974","19-11-15 19:13","30.56% @ 27.6° C"
"6c52375e-6cd2-4b5e-b0a6-e60464e70ad3","465974","Humidity - 465974","19-11-15 19:03","30.53% @ 27.6° C"
"024f582d-74db-4456-a24c-e417557d6c8b","465974","Humidity - 465974","19-11-15 18:53","30.51% @ 27.6° C"
"9aab409f-c251-4a52-b8a8-87964e230143","465974","Humidity - 465974","19-11-15 18:43","30.47% @ 27.5° C"
"b95a034e-816c-4f5a-8745-7747b7cf2ba5","465974","Humidity - 465974","19-11-15 18:33","30.46% @ 27.5° C"
"53d1993b-9a8a-4c5c-b387-42b67bfcbfb0","465974","Humidity - 465974","19-11-15 18:23","30.38% @ 27.5° C"
"085dded8-1d6f-4ebe-af20-b8a91e533266","465974","Humidity - 465974","19-11-15 18:13","30.32% @ 27.4° C"
"0386f9e0-7e01-4a29-a547-60dffb0a6106","465974","Humidity - 465974","19-11-15 18:03","30.28% @ 27.4° C"
"6fbb8a05-e23f-4ce9-8b57-7811db7aa1fb","465974","Humidity - 465974","19-11-15 17:53","30.28% @ 27.4° C"
"b1706502-0185-4e19-8676-6fa5aeb15e8b","465974","Humidity - 465974","19-11-15 17:43","30.24% @ 27.4° C"
"2c962010-6600-4bfc-99a3-db6cf1a51afb","465974","Humidity - 465974","19-11-15 17:33","30.14% @ 27.3° C"
"f577a188-de6b-4bea-9c4c-50b9eea1f11d","465974","Humidity - 465974","19-11-15 17:23","29.97% @ 27.3° C"
"0879bc0d-ea3d-4ec0-93f4-7b4afe4cc963","465974","Humidity - 465974","19-11-15 17:13","29.87% @ 27.2° C"
"54bed8ba-3300-464a-80ce-ebcb24749a1e","465974","Humidity - 465974","19-11-15 17:03","29.81% @ 27.2° C"
"ec6b3668-aaa5-407b-980c-ec8580e2dad5","465974","Humidity - 465974","19-11-15 16:53","29.68% @ 27.1° C"
"81e1e78d-3923-43c0-a7dc-5adea2d92c0a","465974","Humidity - 465974","19-11-15 16:43","29.6% @ 27° C"
"d0688f5d-2526-4078-a66f-76c16b8ac06b","465974","Humidity - 465974","19-11-15 16:33","29.56% @ 27° C"
"63803e3e-c5ee-476e-a51f-380ce6f0f723","465974","Humidity - 465974","19-11-15 16:23","29.57% @ 26.9° C"
"c7534d68-7e78-44b7-ba35-5ba4e4a43a6c","465974","Humidity - 465974","19-11-15 16:13","29.66% @ 26.8° C"
"73cf5390-0543-4160-b060-ebf34802375d","465974","Humidity - 465974","19-11-15 16:03","29.7% @ 26.7° C"
"1bd5c84e-aba3-4182-a02a-528bbd7bfbb8","465974","Humidity - 465974","19-11-15 15:53","29.77% @ 26.7° C"
"659af51f-3fc6-40bd-ab9d-e35429a6c01d","465974","Humidity - 465974","19-11-15 15:43","29.89% @ 26.6° C"
"97357234-1362-4c57-840f-7eb984d1301e","465974","Humidity - 465974","19-11-15 15:33","30.01% @ 26.5° C"
"33f10872-632c-4fcc-b915-88263f6f0079","465974","Humidity - 465974","19-11-15 15:23","30.11% @ 26.4° C"
"a0abb591-c403-4b12-97b4-51a3e497fb56","465974","Humidity - 465974","19-11-15 15:13","30.17% @ 26.3° C"
"2f2ca67c-ca59-4647-8a01-a42c43e20dea","465974","Humidity - 465974","19-11-15 15:03","30.24% @ 26.2° C"
"6aa31706-8ac1-499a-b0e0-a197d550431f","465974","Humidity - 465974","19-11-15 14:53","30.3% @ 26.1° C"
"74a74fdf-b649-4e83-b15b-563d4144bcd5","465974","Humidity - 465974","19-11-15 14:43","30.42% @ 26° C"
"15d502d5-e88e-4490-99d0-a0121acdcc99","465974","Humidity - 465974","19-11-15 14:33","30.66% @ 25.8° C"
"3522993d-ca4b-4c7c-bf2e-2a13ec604903","465974","Humidity - 465974","19-11-15 14:23","31.07% @ 25.7° C"
"8fe258d3-80a4-412e-ad3a-e7036d5352e7","465974","Humidity - 465974","19-11-15 14:13","31.53% @ 25.5° C"
"491accb9-db36-4dfc-8e05-ecc086fae39e","465974","Humidity - 465974","19-11-15 14:03","32% @ 25.3° C"
"41af0ccf-c495-43bf-9a1b-8b643996a6f3","465974","Humidity - 465974","19-11-15 13:53","32.55% @ 25.1° C"
"117b0dd4-94e4-4987-b841-6bfdd5e3479d","465974","Humidity - 465974","19-11-15 13:43","33.21% @ 24.9° C"
"d084ff47-8afe-48d5-8408-30cc49efdfe4","465974","Humidity - 465974","19-11-15 13:33","33.82% @ 24.8° C"
"cbbd62f7-7297-4e1f-ad85-c0f9699025ef","465974","Humidity - 465974","19-11-15 13:23","34.09% @ 24.6° C"
"d4ef72b5-c82c-4338-9ffe-0ef81deee439","465974","Humidity - 465974","19-11-15 13:13","34.43% @ 24.3° C"
"c238c1cb-28a2-4484-8930-b8dfbb2b56be","465974","Humidity - 465974","19-11-15 13:03","34.49% @ 24° C"
"3a93f055-34e7-465a-ba72-1a0762ad72eb","465974","Humidity - 465974","19-11-15 12:53","34.56% @ 24.2° C"
"3dd58b00-c682-4434-8438-619aa4dce223","465974","Humidity - 465974","19-11-15 12:43","34.58% @ 24.2° C"
"db661240-4fbb-4198-9e39-7e6c958591e2","465974","Humidity - 465974","19-11-15 12:33","34.6% @ 24.3° C"
"14f5f78f-4e8f-460e-9ade-233fe781f4a7","465974","Humidity - 465974","19-11-15 12:23","34.57% @ 24.4° C"
"07f03390-5bfe-4894-bb2b-54cfdaa4f550","465974","Humidity - 465974","19-11-15 12:13","34.55% @ 24.5° C"
"c6976b8f-23ed-4f53-8996-3f6c913ffc24","465974","Humidity - 465974","19-11-15 12:03","34.61% @ 24.5° C"
"7ab48179-8f48-458f-a7b7-5b710f7ae8ce","465974","Humidity - 465974","19-11-15 11:53","34.62% @ 24.6° C"
"e2cf3f90-42c7-48b1-a097-b449a963c71f","465974","Humidity - 465974","19-11-15 11:43","34.78% @ 24.7° C"
"812171e9-ce49-4879-90e5-aa56ac8776a3","465974","Humidity - 465974","19-11-15 11:33","34.82% @ 24.8° C"
"a957204b-ca4f-4117-b9c1-7cfe84120b62","465974","Humidity - 465974","19-11-15 11:23","34.91% @ 24.8° C"
"8212f36d-ff12-473a-9349-a33242393907","465974","Humidity - 465974","19-11-15 11:13","34.95% @ 24.9° C"
"27516d0f-8147-49fb-9c23-c2029cb8f456","465974","Humidity - 465974","19-11-15 11:03","35.04% @ 24.9° C"
"a801c44d-b0ea-410a-af6b-428a64dd81eb","465974","Humidity - 465974","19-11-15 10:53","35.06% @ 24.9° C"
"e65d80ae-3892-4572-842a-f875b2edda7b","465974","Humidity - 465974","19-11-15 10:43","35.07% @ 24.9° C"
"cffdc8a0-50a7-44f3-aa44-76b07037e071","465974","Humidity - 465974","19-11-15 10:33","35.19% @ 24.9° C"
"2d755ec0-2965-4dff-a749-86fea2607fe4","465974","Humidity - 465974","19-11-15 10:23","35.33% @ 24.9° C"
"0b420418-8b7e-4f7b-a12a-74e9347da91e","465974","Humidity - 465974","19-11-15 10:13","35.42% @ 24.9° C"
"687a2989-4ba6-41c6-b93d-a93f6a76d657","465974","Humidity - 465974","19-11-15 10:03","35.42% @ 24.9° C"
"404e965c-ffce-458c-bf6d-55bc85fe3a6c","465974","Humidity - 465974","19-11-15 09:53","35.4% @ 24.9° C"
"1a01765f-581e-4b40-9fc4-55026454fc32","465974","Humidity - 465974","19-11-15 09:43","35.3% @ 25° C"
"b4276d71-67d2-4f57-9120-13c3a5709d9e","465974","Humidity - 465974","19-11-15 09:33","35.46% @ 25° C"
"aaf986c2-d1a8-4ff9-8ad2-ac6745bc6e64","465974","Humidity - 465974","19-11-15 09:23","35.51% @ 25° C"
"dcf6b106-aa0f-4154-bc72-a46d09cfd1d0","465974","Humidity - 465974","19-11-15 09:13","35.62% @ 25° C"
"4f03048e-9a47-4995-af1e-bc414e87ad45","465974","Humidity - 465974","19-11-15 09:03","35.35% @ 25.1° C"
"a702f970-de08-4ac5-ab40-7735d1cbd85e","465974","Humidity - 465974","19-11-15 08:53","35.2% @ 25.2° C"
"e06725c6-a67c-4af9-9577-b9acfe08ff2d","465974","Humidity - 465974","19-11-15 08:43","34.99% @ 25.3° C"
"006a09da-f711-4b9d-8335-f771c1391885","465974","Humidity - 465974","19-11-15 08:33","34.75% @ 25.5° C"
"fed44fad-f274-420a-a276-1c5c388d798c","465974","Humidity - 465974","19-11-15 08:23","34.22% @ 25.8° C"
"949d25f4-8264-4b2c-a01d-2302826d48bd","465974","Humidity - 465974","19-11-15 08:13","33.56% @ 26.2° C"
"e4c62bd4-38de-4245-ac9c-a481ef995aa9","465974","Humidity - 465974","19-11-15 08:03","33.59% @ 26.5° C"
"22d8b8da-2c9d-4e3c-b8dc-e89876d28d11","465974","Humidity - 465974","19-11-15 07:53","33.52% @ 26.4° C"
"35fd8ae0-c3cb-4f85-a447-73511f8f00d1","465974","Humidity - 465974","19-11-15 07:43","33.41% @ 26.4° C"
"735be48a-6517-4a94-8cd7-cf5fb2fc909f","465974","Humidity - 465974","19-11-15 07:33","33.44% @ 26.4° C"
"2776e8c6-8731-4ed1-81e0-6d8019bf3dc0","465974","Humidity - 465974","19-11-15 07:23","33.45% @ 26.4° C"
"9619161c-b99f-4f30-97fd-9a30e1b9939f","465974","Humidity - 465974","19-11-15 07:13","33.51% @ 26.4° C"
"4abc5734-1901-46c4-854d-2f3298b7b64f","465974","Humidity - 465974","19-11-15 07:03","33.55% @ 26.4° C"
"a360108a-5386-447b-9ecc-fa90d6831e93","465974","Humidity - 465974","19-11-15 06:53","33.55% @ 26.4° C"
"bb9ba150-a6da-49c1-ad2e-53aaf0c5d4b1","465974","Humidity - 465974","19-11-15 06:43","33.56% @ 26.4° C"
"f530be19-7a4c-486c-8fc7-1a95c531716e","465974","Humidity - 465974","19-11-15 06:33","33.58% @ 26.4° C"
"90eecb40-8f8f-4eac-ae7e-0393fb7e2c3e","465974","Humidity - 465974","19-11-15 06:23","33.64% @ 26.4° C"
"94391bdd-b4e3-4e4b-893b-f8b5b3de7c0f","465974","Humidity - 465974","19-11-15 06:13","33.67% @ 26.4° C"
"5d87a2bf-2e49-4d90-865b-3316471365bc","465974","Humidity - 465974","19-11-15 06:03","33.69% @ 26.4° C"
"26ff2f98-4e4f-4753-afbe-189ba274905e","465974","Humidity - 465974","19-11-15 05:53","33.7% @ 26.5° C"
"d0d8d6d8-5571-4abe-a330-e7ab65217c5a","465974","Humidity - 465974","19-11-15 05:43","33.68% @ 26.5° C"
"782b52b1-7a58-457f-a895-5f963f55e451","465974","Humidity - 465974","19-11-15 05:33","33.73% @ 26.5° C"
"b4ac8ad2-a27c-4277-acac-1e10155cd772","465974","Humidity - 465974","19-11-15 05:23","33.71% @ 26.5° C"
"b18dec05-a47f-46ec-aac0-afd028e30973","465974","Humidity - 465974","19-11-15 05:13","33.65% @ 26.5° C"
"32b4ff14-9d11-466d-9fd0-51a841492b9c","465974","Humidity - 465974","19-11-15 05:03","33.62% @ 26.5° C"
"39e0546d-b363-4203-b1aa-fb5b3ef3bef9","465974","Humidity - 465974","19-11-15 04:53","33.75% @ 26.5° C"
"3d4e2a12-bf1c-4892-8565-da2c5d6de211","465974","Humidity - 465974","19-11-15 04:43","33.75% @ 26.5° C"
"1ae02979-6f9d-4ac6-855f-97b71e8347fe","465974","Humidity - 465974","19-11-15 04:33","33.82% @ 26.5° C"
"c59b0803-315e-43c0-b58d-5cc0291cd2ec","465974","Humidity - 465974","19-11-15 04:23","33.83% @ 26.5° C"
"d1886be5-a40c-4a0a-bafb-c2cc83a3b4ef","465974","Humidity - 465974","19-11-15 04:13","33.79% @ 26.5° C"
"48649e43-3e77-41e9-bc86-e4771a73e213","465974","Humidity - 465974","19-11-15 04:03","33.88% @ 26.6° C"
"fe1115a7-fe63-4eca-b2ef-ff8f1e06efba","465974","Humidity - 465974","19-11-15 03:53","33.94% @ 26.6° C"
"22e299e5-7589-46f1-b2fa-9b9b5077dd22","465974","Humidity - 465974","19-11-15 03:43","33.98% @ 26.6° C"
"ec073623-9b6a-4ce3-aed4-458063761526","465974","Humidity - 465974","19-11-15 03:33","34.02% @ 26.6° C"
"6fd5625c-fb95-4991-9433-6db9681202e5","465974","Humidity - 465974","19-11-15 03:23","34.14% @ 26.6° C"
"eb4acd54-49d7-4600-b1bb-15fa45b58bdb","465974","Humidity - 465974","19-11-15 03:13","34.07% @ 26.6° C"
"9e5c5855-302d-44a6-9283-6cb03199a873","465974","Humidity - 465974","19-11-15 03:03","34.15% @ 26.6° C"
"2c3b0ef8-ff0a-45e8-bab3-4531bdba4f0d","465974","Humidity - 465974","19-11-15 02:53","34.21% @ 26.6° C"
"947bcd8a-f176-4671-9bd0-04fe9427d2be","465974","Humidity - 465974","19-11-15 02:43","34.24% @ 26.7° C"
"ca7e04c8-423b-4b0f-baef-4760daf51ca5","465974","Humidity - 465974","19-11-15 02:33","34.23% @ 26.7° C"
"8ab897ee-7c4a-4b18-97da-f01c4066cf68","465974","Humidity - 465974","19-11-15 02:23","34.27% @ 26.7° C"
"1ec01e9b-a90d-45c9-912b-b6e1fe71ee8e","465974","Humidity - 465974","19-11-15 02:13","34.31% @ 26.7° C"
"14216492-bdf9-401b-8dc9-323b81c6f581","465974","Humidity - 465974","19-11-15 02:03","34.31% @ 26.7° C"
"f654f160-2825-486c-b914-8bca1f2ac53e","465974","Humidity - 465974","19-11-15 01:53","34.27% @ 26.7° C"
"a917d3fb-1331-4647-a872-98430e35ade8","465974","Humidity - 465974","19-11-15 01:43","34.23% @ 26.7° C"
"154feed8-541c-4ec0-92ee-3aa46cdfbca9","465974","Humidity - 465974","19-11-15 01:33","34.2% @ 26.7° C"
"32eb1290-b5fc-4602-b93c-08de09d2b395","465974","Humidity - 465974","19-11-15 01:23","34.2% @ 26.7° C"
"324fdc65-742b-47d6-b061-035615dd320d","465974","Humidity - 465974","19-11-15 01:13","34.23% @ 26.7° C"
"590a8bce-9766-4790-957d-acb130df6eb7","465974","Humidity - 465974","19-11-15 01:03","34.17% @ 26.7° C"
"e07a0c75-c38b-4702-a28f-9703509fe050","465974","Humidity - 465974","19-11-15 00:53","34.19% @ 26.7° C"
"7065735e-aa8e-46ee-a3ef-4dce9199cf4c","465974","Humidity - 465974","19-11-15 00:43","34.14% @ 26.7° C"
"745d56c2-676d-4f6e-b341-6bedf55a14f6","465974","Humidity - 465974","19-11-15 00:33","34.11% @ 26.7° C"
"1c3b7c97-13d6-4335-a405-e833f35fc1e4","465974","Humidity - 465974","19-11-15 00:23","34.03% @ 26.7° C"
"040739f0-a98a-486b-9f2b-35351215cf75","465974","Humidity - 465974","19-11-15 00:13","33.89% @ 26.7° C"
"296dc980-7f6a-4618-a979-f350419fa09d","465974","Humidity - 465974","19-11-15 00:03","33.86% @ 26.7° C"
"a69d78c5-a08a-475d-865e-fa7545c15454","465974","Humidity - 465974","19-11-14 23:53","33.72% @ 26.7° C"
"2dba40e4-c47a-458f-a0f2-eafd88de001b","465974","Humidity - 465974","19-11-14 23:43","33.64% @ 26.8° C"
"22ba1c4d-6b17-4ec0-adbf-f09ddbf787e0","465974","Humidity - 465974","19-11-14 23:33","33.61% @ 26.7° C"
"480123f4-bcdd-45d8-aa2a-c120ede78f90","465974","Humidity - 465974","19-11-14 23:23","33.58% @ 26.7° C"
"1ed8f35f-1ff4-4d23-96e5-d493beaf8f88","465974","Humidity - 465974","19-11-14 23:13","33.5% @ 26.7° C"
"c0d3eabe-114e-4f31-ac6b-b95121ab512f","465974","Humidity - 465974","19-11-14 23:03","33.42% @ 26.7° C"
"efaeee86-eb6b-458a-90fa-69b3fdd119e1","465974","Humidity - 465974","19-11-14 22:53","33.32% @ 26.8° C"
"f97ee014-c714-4756-9a60-59c6147d0588","465974","Humidity - 465974","19-11-14 22:43","33.3% @ 26.8° C"
"291216ae-d00e-442e-b042-b032dab62949","465974","Humidity - 465974","19-11-14 22:33","33.19% @ 26.8° C"
"861b1e9e-4018-4e92-8ad7-4fd1660ed138","465974","Humidity - 465974","19-11-14 22:23","33.05% @ 26.8° C"
"7b5058e8-ba90-43ca-bb05-57631b6ab386","465974","Humidity - 465974","19-11-14 22:13","32.98% @ 26.8° C"
"7663a47e-0580-49ac-b707-2dbf8d13c41f","465974","Humidity - 465974","19-11-14 22:03","32.87% @ 26.8° C"
"7830e0b7-ca6c-4beb-85e1-a54ebda5625e","465974","Humidity - 465974","19-11-14 21:53","32.76% @ 26.8° C"
"d931ae7c-3ca8-4a8d-a51a-dc440f4ef51c","465974","Humidity - 465974","19-11-14 21:43","32.76% @ 26.8° C"
"b93e7d8d-ca28-4885-97ef-a540cd74e350","465974","Humidity - 465974","19-11-14 21:33","32.76% @ 26.8° C"
"2addaa35-2023-4bc1-b49a-77fbdef80509","465974","Humidity - 465974","19-11-14 21:23","32.68% @ 26.8° C"
"c363375f-b716-4968-b6ca-8048dd3d9812","465974","Humidity - 465974","19-11-14 21:13","32.86% @ 26.8° C"
"39099687-c06e-4988-9018-4c6ef0106f69","465974","Humidity - 465974","19-11-14 21:03","32.83% @ 26.8° C"
"156df75e-ce2c-4630-9450-bd908d4e30c4","465974","Humidity - 465974","19-11-14 20:53","32.97% @ 26.8° C"
"fbd00e05-d349-4c60-adfc-c4db452355fd","465974","Humidity - 465974","19-11-14 20:43","32.92% @ 26.8° C"
"e5b65769-bd8f-48e2-a622-7011ff39ce52","465974","Humidity - 465974","19-11-14 20:33","33.11% @ 26.8° C"
"48fcf7be-0652-41ef-933c-f10910759d38","465974","Humidity - 465974","19-11-14 20:23","33.06% @ 26.9° C"
"27006a6e-b72d-4587-af79-d249258517d9","465974","Humidity - 465974","19-11-14 20:13","33.09% @ 26.9° C"
"fece819e-b79e-4326-a4e0-705da33f7dda","465974","Humidity - 465974","19-11-14 20:03","32.88% @ 26.9° C"
"d4afe603-85ba-4813-8851-a39d13d30438","465974","Humidity - 465974","19-11-14 19:53","32.76% @ 26.9° C"
"a5844d8f-1e32-42a9-89cf-94ee995c5892","465974","Humidity - 465974","19-11-14 19:43","33.01% @ 26.9° C"
"7e22c0cf-8161-4538-af6a-021b35f0f8e2","465974","Humidity - 465974","19-11-14 19:33","33.17% @ 27° C"
"8259e747-8dfc-4eee-8935-edf6938915af","465974","Humidity - 465974","19-11-14 19:23","33.46% @ 27° C"
"6be854f5-e422-4cca-ba31-4fb0d082b836","465974","Humidity - 465974","19-11-14 19:13","33.68% @ 27° C"
"faa51015-e67a-4ddb-b66c-9d2434aca9dc","465974","Humidity - 465974","19-11-14 19:03","33.82% @ 27° C"
"dee83bb6-cee0-43dc-b813-940026202dcd","465974","Humidity - 465974","19-11-14 18:53","34.08% @ 27° C"
"2d12f4d1-fdb7-4d9d-b5dc-0ffc327b5285","465974","Humidity - 465974","19-11-14 18:43","34.56% @ 27° C"
"f9c025a5-60ec-4998-9ca2-d62c5401b291","465974","Humidity - 465974","19-11-14 18:33","34.77% @ 27.1° C"
"ad35fa3d-c039-4390-932b-fc6f2bdb5567","465974","Humidity - 465974","19-11-14 18:23","34.87% @ 27.1° C"
"786d03b8-d382-47c5-b235-1ddf4bb212ae","465974","Humidity - 465974","19-11-14 18:13","35.15% @ 27.2° C"
"a1963463-1b16-4e9a-b927-059be4296019","465974","Humidity - 465974","19-11-14 18:03","35.71% @ 27.2° C"
"90ffa082-6643-4218-be7e-0fc52ac01841","465974","Humidity - 465974","19-11-14 17:53","36.09% @ 27.2° C"
"96067aac-acf0-4eef-90bd-dcd139f2fa29","465974","Humidity - 465974","19-11-14 17:43","36.72% @ 27.1° C"
"06824005-d989-4aae-b687-460ba034ed83","465974","Humidity - 465974","19-11-14 17:33","37.42% @ 27.1° C"
"11944d7a-6cf4-4637-8148-8be394416f76","465974","Humidity - 465974","19-11-14 17:23","37.47% @ 26.9° C"
"8afbbb6b-3c13-48ef-94df-6319f3c1850a","465974","Humidity - 465974","19-11-14 17:13","37.97% @ 26.6° C"
"05076b05-6b5e-4272-9e98-7612adf912dd","465974","Humidity - 465974","19-11-14 17:03","38.49% @ 26.3° C"
"5214c5e6-65c8-4abe-bfa7-c719af30dfee","465974","Humidity - 465974","19-11-14 16:53","39.14% @ 26.1° C"
"2cf6f801-178a-4dc1-9d48-0e2c9c72fcb6","465974","Humidity - 465974","19-11-14 16:43","40.14% @ 25.7° C"
"2d14b4e4-7371-4177-b6d7-b428740f1786","465974","Humidity - 465974","19-11-14 16:33","41.3% @ 25.1° C"
"a9535b8e-3ea9-4eb4-a6c7-d8f33a4c75ce","465974","Humidity - 465974","19-11-14 16:23","40.73% @ 24.9° C"
"3687cf50-ad77-4f77-b793-d1efe24c2c6f","465974","Humidity - 465974","19-11-14 16:13","40.75% @ 25° C"
"e91011ad-7740-4469-b0a1-d6323d715e3b","465974","Humidity - 465974","19-11-14 16:03","40.85% @ 25° C"
"2b74bda0-3f81-42e5-9279-022f3ef362dc","465974","Humidity - 465974","19-11-14 15:53","40.7% @ 24.9° C"
"1bf17adf-c718-44f0-99f2-c01f002e63eb","465974","Humidity - 465974","19-11-14 15:43","40.91% @ 25° C"
"d6fe3219-4ae9-48a4-901c-f08735cb8eaa","465974","Humidity - 465974","19-11-14 15:33","41.25% @ 25.1° C"
"d35eb439-145f-4adc-b3c3-2774f4ff3c6e","465974","Humidity - 465974","19-11-14 15:23","41.31% @ 25.1° C"
"31781a60-6a7b-49e0-af07-d46f91dd0b5b","465974","Humidity - 465974","19-11-14 15:13","41.63% @ 25° C"
"f761746f-355b-40ac-b332-09ae9822a8fc","465974","Humidity - 465974","19-11-14 15:03","41.46% @ 25.1° C"
"fceac219-959e-4cc8-b5f6-5f8fc2c3fc06","465974","Humidity - 465974","19-11-14 14:53","41.25% @ 25.4° C"
"c1178e71-e443-4858-95de-2f1726b8c060","465974","Humidity - 465974","19-11-14 14:43","41.69% @ 25.4° C"
"0103faa3-1020-4572-ad10-689e9c79f2d2","465974","Humidity - 465974","19-11-14 14:33","41.39% @ 25.2° C"
"fea97aeb-d7f4-4e40-b6c2-3d9cca12e718","465974","Humidity - 465974","19-11-14 14:23","42.02% @ 25.1° C"
"b7110db0-5099-4cac-8965-4f52678b5162","465974","Humidity - 465974","19-11-14 14:13","41.74% @ 25° C"
"f4f5d741-bb9c-4531-b453-aa45260800e1","465974","Humidity - 465974","19-11-14 14:03","42.19% @ 25.1° C"
"9b03d2b9-fe98-4f20-9e8f-97a62eaa2c83","465974","Humidity - 465974","19-11-14 13:53","41.68% @ 25° C"
"65b0265f-942d-45b2-bb13-127e980c6b33","465974","Humidity - 465974","19-11-14 13:43","41.58% @ 25° C"
"e696abc0-ebf2-4735-8a51-b76944ed6761","465974","Humidity - 465974","19-11-14 13:33","41.52% @ 25° C"
"52960ac5-a69c-4264-a2e9-a2bf0a61e1a3","465974","Humidity - 465974","19-11-14 13:23","41.11% @ 25.1° C"
"5e5f54e2-25f6-4a6a-a4a1-153bc038057e","465974","Humidity - 465974","19-11-14 13:13","41.29% @ 25.1° C"
"9b7d34b4-c47f-4b11-9775-14e16aeb0ef7","465974","Humidity - 465974","19-11-14 13:03","40.25% @ 25.3° C"
"9762c31b-650a-4a96-bd87-130714b701e3","465974","Humidity - 465974","19-11-14 12:53","40.49% @ 25.4° C"
"81f0fb3e-7e50-4c53-9c9a-0988f98600db","465974","Humidity - 465974","19-11-14 12:43","40.86% @ 25.5° C"
"afbcd4e0-e257-4303-90c8-ea852b40f7f4","465974","Humidity - 465974","19-11-14 12:33","41.86% @ 25.6° C"
"d329c163-600c-4db8-bbb7-92b09391beb3","465974","Humidity - 465974","19-11-14 12:23","42.04% @ 25.8° C"
"2164fdc3-4d29-4fd6-b55e-60df8df6c0ad","465974","Humidity - 465974","19-11-14 12:13","42.45% @ 25.8° C"
"47a0a41e-2463-4a6a-8518-f04cd9384f92","465974","Humidity - 465974","19-11-14 12:03","42.58% @ 25.7° C"
"b93ca3c1-f953-4549-be6d-9b85dfe69701","465974","Humidity - 465974","19-11-14 11:53","42.67% @ 25.4° C"
"8b4f8285-2a85-4780-8395-bf9e30d70289","465974","Humidity - 465974","19-11-14 11:43","42.56% @ 25.5° C"
"b2889ebc-1d7c-4ce7-a3f1-05b9c3728cbb","465974","Humidity - 465974","19-11-14 11:33","41.87% @ 25.6° C"
"51f66b17-f0f2-43f3-b50b-dbcf7547606d","465974","Humidity - 465974","19-11-14 11:23","41.64% @ 25.5° C"
"ccb09941-4f94-4731-aab6-ae0e48678302","465974","Humidity - 465974","19-11-14 11:13","41.76% @ 25.4° C"
"47d5c2e2-4bd5-4c5f-a74f-76ad813aae4e","465974","Humidity - 465974","19-11-14 11:03","42.04% @ 25.4° C"
"2ef10c24-fb56-4b0a-b891-1ff1abb5e071","465974","Humidity - 465974","19-11-14 10:53","42.3% @ 25.1° C"
"9dbf9498-a166-4747-8761-ff05cb98f520","465974","Humidity - 465974","19-11-14 10:43","42.07% @ 25.2° C"
"fddbeb95-456e-42aa-bb39-80cc9d83e42b","465974","Humidity - 465974","19-11-14 10:33","41.77% @ 25.3° C"
"d6e1a945-5bcf-4a1b-825c-d3e0de172be1","465974","Humidity - 465974","19-11-14 10:23","41.45% @ 25.4° C"
"0f2d5817-fd8f-4eae-95df-bfddd7e63e8e","465974","Humidity - 465974","19-11-14 10:13","41.75% @ 25.4° C"
"d16840cb-4aa4-45be-9906-c9ef1ce88ddd","465974","Humidity - 465974","19-11-14 10:03","41.86% @ 25.3° C"
"e1dfa872-0b84-4593-80ff-328a21143b3f","465974","Humidity - 465974","19-11-14 09:53","42.15% @ 25.1° C"
"2de44732-2c35-4939-bb8c-7b37bebf7f86","465974","Humidity - 465974","19-11-14 09:43","42.23% @ 25° C"
"d8aea4d2-d167-42cc-8ee6-5b148df5db60","465974","Humidity - 465974","19-11-14 09:33","42.58% @ 24.9° C"
"a8cd6ec3-a276-4423-8f1f-c4b47d937e5a","465974","Humidity - 465974","19-11-14 09:23","41.3% @ 26.2° C"
"8ffa6c96-72ae-44f5-bf80-2fad49e69ca5","465974","Humidity - 465974","19-11-14 09:22","42.28% @ 26.3° C"
"1ec6e25d-b82c-4819-99fe-16be2c01565e","465974","Humidity - 465974","19-11-14 09:22","44.91% @ 26.2° C"
"53e9bf34-3969-4600-9849-dd0922ce36ea","465974","Humidity - 465974","19-11-14 09:21","44.96% @ 25.7° C"
"c0ebf821-d95b-42d8-a477-df272f427dc4","465974","Humidity - 465974","19-11-14 09:09","44.97% @ 25.9° C"
"d876a5d3-d15d-4802-86b7-9a0b7611f01e","465974","Humidity - 465974","19-11-14 09:09","47.59% @ 25.8° C"
"0dfe4258-ef19-4ad3-bfb7-352e25548305","465974","Humidity - 465974","19-11-14 09:02","41.17% @ 25.5° C"
"f25f8ca4-1536-4e36-a56a-948b7d4f5c6d","465974","Humidity - 465974","19-11-14 08:52","40.41% @ 25.7° C"
"341af264-391c-4ca8-b382-7e27d18ed41c","465974","Humidity - 465974","19-11-14 08:42","39.67% @ 25.9° C"
"1288b773-997d-438a-bf74-5694c2333345","465974","Humidity - 465974","19-11-14 08:32","39.15% @ 26.1° C"
"254707c6-6d4d-49ad-a7ba-623f669e93d9","465974","Humidity - 465974","19-11-14 08:22","38.32% @ 26.5° C"
"203d20d9-0a73-46a8-9e86-a92b46ee2046","465974","Humidity - 465974","19-11-14 08:12","38.03% @ 26.8° C"
"313d83cb-e4a3-4910-af8b-8b3bd20e104c","465974","Humidity - 465974","19-11-14 08:02","37.88% @ 26.8° C"
"6a3794e6-5c1f-4fbc-aaad-8f6544c025ec","465974","Humidity - 465974","19-11-14 07:52","38.06% @ 26.6° C"
"744d84ab-b741-419d-bbcc-ea0c28e79d56","465974","Humidity - 465974","19-11-14 07:42","38.31% @ 26.4° C"
"0fb2da06-d242-429b-ae9c-f948b48adce5","465974","Humidity - 465974","19-11-14 07:32","38.15% @ 26.2° C"
"cdd044bb-4b2d-42c0-8193-05a445dc1b14","465974","Humidity - 465974","19-11-14 07:22","37.8% @ 26.1° C"
"94c0415a-40a6-419f-9743-39f5e0896b84","465974","Humidity - 465974","19-11-14 07:12","37.87% @ 26.1° C"
"bc29f0b5-0a29-4706-8d42-c0c43df2f05c","465974","Humidity - 465974","19-11-14 07:02","37.84% @ 26.2° C"
"e9317c08-c2b6-4fec-ad8b-32f597f71de2","465974","Humidity - 465974","19-11-14 06:52","37.8% @ 26.2° C"
"6409860f-f2d4-4411-b7af-07b6ed089c5b","465974","Humidity - 465974","19-11-14 06:42","37.81% @ 26.2° C"
"0a97da90-32f2-4b3c-a359-127245ea07e0","465974","Humidity - 465974","19-11-14 06:32","37.77% @ 26.2° C"
"8d246ebe-8e4f-4f54-8bab-2521b634bcb7","465974","Humidity - 465974","19-11-14 06:22","37.76% @ 26.2° C"
"8f00dd3f-7eb2-44db-b1f4-e1510e6c73eb","465974","Humidity - 465974","19-11-14 06:12","37.82% @ 26.2° C"
"a08962d2-3d4c-48fa-9c7d-de4cc8426cfb","465974","Humidity - 465974","19-11-14 06:02","37.82% @ 26.2° C"
"bd95c1cf-0820-40c0-82b6-80b7ea5461aa","465974","Humidity - 465974","19-11-14 05:52","37.8% @ 26.2° C"
"34dd2567-26df-4885-8237-fe1e65b98fe9","465974","Humidity - 465974","19-11-14 05:42","37.78% @ 26.2° C"
"6a8e4e43-88b5-4c31-a1e5-03455e45521e","465974","Humidity - 465974","19-11-14 05:32","37.76% @ 26.2° C"
"513de2e7-0250-44e9-9fff-441fb1285940","465974","Humidity - 465974","19-11-14 05:22","37.79% @ 26.2° C"
"2dda5411-d165-40ed-a945-ce8af6294e32","465974","Humidity - 465974","19-11-14 05:12","37.84% @ 26.2° C"
"c7401960-c95a-495f-a52c-e589f06d086b","465974","Humidity - 465974","19-11-14 05:02","37.91% @ 26.2° C"
"b5808f94-7c5a-435b-b299-669e06a1ba18","465974","Humidity - 465974","19-11-14 04:52","37.86% @ 26.2° C"
"2e08a75a-1dac-4b7c-8f22-30325f9f501d","465974","Humidity - 465974","19-11-14 04:42","37.94% @ 26.2° C"
"71aee8d5-ef85-4bfa-9065-a6990fe17402","465974","Humidity - 465974","19-11-14 04:32","37.92% @ 26.2° C"
"515de5b1-b0dc-4ab4-84bc-96801136baaa","465974","Humidity - 465974","19-11-14 04:22","37.96% @ 26.2° C"
"e94e0628-31cb-497f-86b4-83acbfb2b57a","465974","Humidity - 465974","19-11-14 04:12","37.95% @ 26.2° C"
"822df2be-8ab6-44e2-827d-dcfab1ffe3d5","465974","Humidity - 465974","19-11-14 04:02","37.96% @ 26.2° C"
"53b8f843-7e20-433e-809f-b49893abbd45","465974","Humidity - 465974","19-11-14 03:52","37.96% @ 26.2° C"
"80568e82-de18-48da-b202-9a79da5b9c35","465974","Humidity - 465974","19-11-14 03:42","37.95% @ 26.2° C"
"7e78ebae-ee7c-4d75-9f7b-79650b64ee6a","465974","Humidity - 465974","19-11-14 03:32","37.98% @ 26.2° C"
"583cacf0-e327-432e-906f-25f197a35acf","465974","Humidity - 465974","19-11-14 03:22","37.95% @ 26.2° C"
"7009c747-b1f6-432b-9ad1-d0a3c43d7084","465974","Humidity - 465974","19-11-14 03:12","37.86% @ 26.2° C"
"5437e14d-ce66-4cab-84cf-88daf3aad9b9","465974","Humidity - 465974","19-11-14 03:02","37.88% @ 26.2° C"
"1a0e1c7b-460f-42ef-adca-3b2713f6110c","465974","Humidity - 465974","19-11-14 02:52","37.94% @ 26.2° C"
"0de00e81-068b-4b8d-afb6-27227c56297b","465974","Humidity - 465974","19-11-14 02:42","37.94% @ 26.2° C"
"080846d9-3b2a-433c-815d-356a62eb972f","465974","Humidity - 465974","19-11-14 02:32","37.99% @ 26.2° C"
"7f287fbe-8de5-4531-8b31-8b3c92681163","465974","Humidity - 465974","19-11-14 02:22","37.98% @ 26.2° C"
"1919ac9e-6a0d-4525-af8a-5c1ab33fd3f9","465974","Humidity - 465974","19-11-14 02:12","38.07% @ 26.2° C"
"0333fe3c-2edb-4144-a98a-48493b8935eb","465974","Humidity - 465974","19-11-14 02:02","38.14% @ 26.2° C"
"9f54766d-1a98-4a6b-92f6-304c139dd19f","465974","Humidity - 465974","19-11-14 01:52","38.08% @ 26.2° C"
"f3bbda48-07e6-49b2-8d9b-633e49c9bb2e","465974","Humidity - 465974","19-11-14 01:42","38.14% @ 26.2° C"
"edf6c4be-2ae8-4688-a052-ac537af03cdb","465974","Humidity - 465974","19-11-14 01:32","38.27% @ 26.2° C"
"0eb0f383-24e0-4b78-a343-94a810d1cf83","465974","Humidity - 465974","19-11-14 01:22","38.28% @ 26.2° C"
"cb932d74-4656-4b1b-b12b-36c8809ac834","465974","Humidity - 465974","19-11-14 01:12","38.32% @ 26.2° C"
"709658f1-bb0a-4247-a951-90d9d1c77bd8","465974","Humidity - 465974","19-11-14 01:02","38.33% @ 26.2° C"
"319997c5-5989-4961-a62c-eac1ae772352","465974","Humidity - 465974","19-11-14 00:52","38.41% @ 26.2° C"
"706acdf4-c341-4139-818d-e2e30004a2c6","465974","Humidity - 465974","19-11-14 00:42","38.46% @ 26.2° C"
"ac2e5445-e0ef-41b1-b6c4-1878bf60824c","465974","Humidity - 465974","19-11-14 00:32","38.5% @ 26.2° C"
"40e6b8e2-2708-413a-a530-8069c3951cc5","465974","Humidity - 465974","19-11-14 00:22","38.59% @ 26.2° C"
"0d670dcd-e078-4b75-9357-618f119671aa","465974","Humidity - 465974","19-11-14 00:12","38.65% @ 26.2° C"
"e0b1e311-2375-43e4-a800-e0e2259a19f3","465974","Humidity - 465974","19-11-14 00:02","38.69% @ 26.2° C"
"4f04e155-45b3-454e-aeba-8861458fddf0","465974","Humidity - 465974","19-11-13 23:52","38.68% @ 26.2° C"
"010e3e63-9958-4c4b-b1da-1b7c91f0f7eb","465974","Humidity - 465974","19-11-13 23:42","38.7% @ 26.1° C"
"86db2d21-6d8e-49bc-b5f7-f9d9524328b4","465974","Humidity - 465974","19-11-13 23:32","38.78% @ 26.1° C"
"286e285d-ffa0-46f1-a2c8-0789c410aa0b","465974","Humidity - 465974","19-11-13 23:22","38.8% @ 26.1° C"
"b6961c47-0b3b-41df-ad0d-f026d67f14df","465974","Humidity - 465974","19-11-13 23:12","38.84% @ 26.1° C"
"f909c909-e882-4e6e-86c4-312d5980ca84","465974","Humidity - 465974","19-11-13 23:02","38.87% @ 26.1° C"
"0c10d321-c0bc-46ea-9d45-41a98d4a356c","465974","Humidity - 465974","19-11-13 22:52","38.91% @ 26.1° C"
"6e0b9414-bb10-4f23-82c6-72e6c0fa7efe","465974","Humidity - 465974","19-11-13 22:42","38.9% @ 26° C"
"e5adfbf7-711d-4459-8615-b8b357716cf3","465974","Humidity - 465974","19-11-13 22:32","38.97% @ 26° C"
"525a6dae-ad59-407c-ac17-1454fac0b14c","465974","Humidity - 465974","19-11-13 22:22","38.97% @ 26° C"
"45d79a07-93ee-418f-95ff-23f5d98566fa","465974","Humidity - 465974","19-11-13 22:12","39.05% @ 26° C"
"e6b89964-cb6e-4a68-a472-c7cb565914fa","465974","Humidity - 465974","19-11-13 22:02","39.09% @ 25.9° C"
"0d1ec2e8-c9dc-46cc-a289-e5cd220c33d0","465974","Humidity - 465974","19-11-13 21:52","39.06% @ 25.9° C"
"41597412-78e7-4a1f-9897-ed58263a21c7","465974","Humidity - 465974","19-11-13 21:42","39.1% @ 25.9° C"
"7faea4d6-0b8b-42ef-b596-24e93c64de22","465974","Humidity - 465974","19-11-13 21:32","39.1% @ 25.9° C"
"aa92c727-8ca1-49ca-9f6f-945890be8e67","465974","Humidity - 465974","19-11-13 21:22","39.15% @ 25.8° C"
"401abd42-9225-46a6-abc2-a8ed67df4fa6","465974","Humidity - 465974","19-11-13 21:12","39.15% @ 25.8° C"
"3468a239-c93f-4bb7-a69b-759ac5845d79","465974","Humidity - 465974","19-11-13 21:02","39.22% @ 25.7° C"
"029ad655-afa8-48d8-b487-a03e99e2e734","465974","Humidity - 465974","19-11-13 20:52","39.25% @ 25.7° C"
"c3c25cfa-f9c0-48fa-ba0f-93318af2d95d","465974","Humidity - 465974","19-11-13 20:42","39.33% @ 25.6° C"
"21ef4130-db9b-4714-b815-affac1de51ec","465974","Humidity - 465974","19-11-13 20:32","39.36% @ 25.6° C"
"43f6dd70-1abe-488c-af49-6124e22d881a","465974","Humidity - 465974","19-11-13 20:22","39.52% @ 25.5° C"
"39b91589-4d88-4ff0-817c-593695977d74","465974","Humidity - 465974","19-11-13 20:12","39.66% @ 25.5° C"
"b45817f5-763a-41e0-a9b1-3d89b6f1bf41","465974","Humidity - 465974","19-11-13 20:02","39.88% @ 25.4° C"
"e9f863e8-1e9d-4619-a539-9b5790fb1ce4","465974","Humidity - 465974","19-11-13 19:52","39.99% @ 25.3° C"
"0258f76a-61ff-49de-b47c-1fb4d9033833","465974","Humidity - 465974","19-11-13 19:42","40.21% @ 25.2° C"
"a28afb0b-fa00-4066-99d8-72bdedc4689d","465974","Humidity - 465974","19-11-13 19:32","40.38% @ 25.1° C"
"37a042c8-1a64-489e-9c20-6d590405f6e9","465974","Humidity - 465974","19-11-13 19:22","40.5% @ 25° C"
"a5e14ee1-2294-4930-b73b-ef3ef44ca7c4","465974","Humidity - 465974","19-11-13 19:12","40.66% @ 24.9° C"
"eca45585-3448-4efd-8ded-f0a48da23590","465974","Humidity - 465974","19-11-13 19:02","40.87% @ 24.8° C"
"b3991e08-493c-4a1a-80f5-b5267dabf759","465974","Humidity - 465974","19-11-13 18:52","40.93% @ 24.7° C"
"660e53fb-a7df-4856-93f6-5dc0547bc9f7","465974","Humidity - 465974","19-11-13 18:42","41.15% @ 24.7° C"
"ba1c7211-b104-4e43-a125-ca2b99df5db6","465974","Humidity - 465974","19-11-13 18:32","41.05% @ 24.7° C"
"eb44ecd5-ae19-400a-9fbb-84ff2b97cfd5","465974","Humidity - 465974","19-11-13 18:22","40.97% @ 24.9° C"
"42483b67-6f3e-4795-9a4a-79d95e43013a","465974","Humidity - 465974","19-11-13 18:12","40.61% @ 25.1° C"
"a64ad76e-7f42-4737-abb0-09a88d495a92","465974","Humidity - 465974","19-11-13 18:02","40.8% @ 25.3° C"
"7c2ac262-9742-4fe1-9ab6-f37781280357","465974","Humidity - 465974","19-11-13 17:52","40.68% @ 25.3° C"
"e29e9ebc-59ff-4689-b8f7-53bf1768c16e","465974","Humidity - 465974","19-11-13 17:42","40.8% @ 25.3° C"
"3d69f516-16ac-4bba-9f85-7d9f0a716026","465974","Humidity - 465974","19-11-13 17:32","40.8% @ 25.3° C"
"6752a625-3740-4cba-a0a3-75b94b69faf9","465974","Humidity - 465974","19-11-13 17:22","40.88% @ 25.3° C"
"7ebdd7d4-66d6-4029-8d0c-4b7b400338fd","465974","Humidity - 465974","19-11-13 17:12","41.49% @ 25.4° C"
"98af18b7-413d-4161-a92c-82dc6770fdd7","465974","Humidity - 465974","19-11-13 17:02","41.74% @ 25.4° C"
"07be17f3-02f2-4c50-bd56-771f065e0dc7","465974","Humidity - 465974","19-11-13 16:52","41.8% @ 25.4° C"
"e1f936fc-84ba-420d-93a4-6b0ffbb84cdf","465974","Humidity - 465974","19-11-13 16:42","41.73% @ 25.4° C"
"3da3dded-710e-41e3-9164-ed246f8b221c","465974","Humidity - 465974","19-11-13 16:32","41.82% @ 25.4° C"
"e1327f9a-55ca-460d-ab15-4b5787116bc7","465974","Humidity - 465974","19-11-13 16:22","41.87% @ 25.4° C"
"7bc40eb1-58d8-4030-a82c-aee500e9a63a","465974","Humidity - 465974","19-11-13 16:12","42.04% @ 25.4° C"
"577d7481-242b-44b3-aeab-b649945bed66","465974","Humidity - 465974","19-11-13 16:02","42.1% @ 25.5° C"
"ecab6b2e-2dbb-480d-8e45-2d5f456a2db9","465974","Humidity - 465974","19-11-13 15:52","42.24% @ 25.6° C"
"e1e9ca09-b082-48b4-9be1-47b642ffb4c2","465974","Humidity - 465974","19-11-13 15:42","42.4% @ 25.5° C"
"d312af6b-3f7d-4013-8c1c-3426deda1c8d","465974","Humidity - 465974","19-11-13 15:32","42.34% @ 25.6° C"
"c0c49600-145f-43ca-aff9-0a0ba8d4dd7d","465974","Humidity - 465974","19-11-13 15:22","42.4% @ 25.6° C"
"8734e67c-9377-4d38-9ed4-22398af79b6e","465974","Humidity - 465974","19-11-13 15:12","42.64% @ 25.6° C"
"3dd50492-1ce6-45a3-aecd-1c2372dd403a","465974","Humidity - 465974","19-11-13 15:02","42.87% @ 25.7° C"
"ec864d18-d292-4d1e-ae01-f551213edc9b","465974","Humidity - 465974","19-11-13 14:52","42.94% @ 25.7° C"
"b19849c7-09b9-4a7f-b09f-5e22f1a4aa80","465974","Humidity - 465974","19-11-13 14:42","43.2% @ 25.7° C"
"84dfe020-d947-446c-8ac9-0e4fa7153533","465974","Humidity - 465974","19-11-13 14:32","43.15% @ 25.7° C"
"996df00c-99aa-4a0e-a150-664516e09dc3","465974","Humidity - 465974","19-11-13 14:22","42.75% @ 25.8° C"
"0ed21315-535f-4f16-b9d0-07c9a0ae28bd","465974","Humidity - 465974","19-11-13 14:12","42.64% @ 25.8° C"
"4c40f453-1711-492a-98c7-899df3b861a8","465974","Humidity - 465974","19-11-13 14:02","42.58% @ 25.9° C"
"4a0ce7e4-76a3-47de-b705-0d960b334c2f","465974","Humidity - 465974","19-11-13 13:52","42.62% @ 25.8° C"
"1a5ad03a-88bd-44f9-95db-39b8e7d35dac","465974","Humidity - 465974","19-11-13 13:42","42.36% @ 25.9° C"
"c33db0c7-712c-4537-9674-349da004aa94","465974","Humidity - 465974","19-11-13 13:32","42.49% @ 26° C"
"25720825-7a2b-41b1-94ed-fd66b2fc19f8","465974","Humidity - 465974","19-11-13 13:22","42.63% @ 26° C"
"0b58a6bd-91ff-4b61-b834-ef4a99dd2c7a","465974","Humidity - 465974","19-11-13 13:12","42.42% @ 26.1° C"
"1c97f113-5ea7-4e9d-b37c-1c37fb0d96ba","465974","Humidity - 465974","19-11-13 13:02","42.4% @ 26.2° C"
"c223a7a4-a1b2-4524-8adb-9390134af1ef","465974","Humidity - 465974","19-11-13 12:52","42.92% @ 26.2° C"
"e24b9e6e-dfa6-46a4-8f0d-305fa6614f15","465974","Humidity - 465974","19-11-13 12:42","42.92% @ 26.1° C"
"96ce7b00-1248-4eec-8d76-1ee1c0644c97","465974","Humidity - 465974","19-11-13 12:32","43.03% @ 26.2° C"
"ba8a17b2-0ca7-45f4-b494-683a2bf6d403","465974","Humidity - 465974","19-11-13 12:22","42.36% @ 26.3° C"
"901a06da-9394-4905-934c-e9f58d738404","465974","Humidity - 465974","19-11-13 12:12","42.37% @ 26.4° C"
"7f2beb08-881b-4a19-8bca-629ed7624927","465974","Humidity - 465974","19-11-13 12:02","42.57% @ 26.5° C"
"67f43174-3330-4d4f-a4c3-76997b17246e","465974","Humidity - 465974","19-11-13 11:52","42.44% @ 26.5° C"
"5c1119ec-36d2-4cbc-9e16-2a7111984d44","465974","Humidity - 465974","19-11-13 11:42","42.73% @ 26.5° C"
"18dcf931-2524-45ca-8ac9-7fa20cd3e4b4","465974","Humidity - 465974","19-11-13 11:32","42.78% @ 26.6° C"
"6be63bfc-c4b4-4d49-9ba4-5998e45b12cc","465974","Humidity - 465974","19-11-13 11:22","43.16% @ 26.6° C"
"4978ec53-1293-4957-8f57-773d9dfdd135","465974","Humidity - 465974","19-11-13 11:12","43.44% @ 26.5° C"
"40b52910-aef3-4272-b610-83027d170441","465974","Humidity - 465974","19-11-13 11:02","43.81% @ 26.5° C"
"e6249d94-2bbc-41d8-8a84-1ebe21b44d9e","465974","Humidity - 465974","19-11-13 10:52","43.85% @ 26.4° C"
"6616fb70-34eb-40d5-9993-cddb22dc030c","465974","Humidity - 465974","19-11-13 10:42","44.02% @ 26.2° C"
"a5bd0a52-4e62-4ca6-8346-87f1f59ff569","465974","Humidity - 465974","19-11-13 10:32","42.5% @ 26.1° C"
"8d104d7a-8de6-4ec8-947d-eb1deee662b3","465974","Humidity - 465974","19-11-13 10:22","41.83% @ 26.2° C"
"a97fbc69-cddf-4af3-9244-c9d6d85f6dc9","465974","Humidity - 465974","19-11-13 10:12","41.71% @ 26.4° C"
"822016b8-df52-4d79-a3f7-64b3caae15c3","465974","Humidity - 465974","19-11-13 10:02","42.13% @ 26.6° C"
"8b086326-046a-4e62-9afc-016893a0ef7e","465974","Humidity - 465974","19-11-13 09:52","42.09% @ 26.5° C"
"83ea36bd-cb23-4579-bc90-37359a3fd08b","465974","Humidity - 465974","19-11-13 09:42","42.06% @ 26.5° C"
"5617a99f-2fe9-4fc1-ad76-d638a0302616","465974","Humidity - 465974","19-11-13 09:32","41.85% @ 26.5° C"
"0ae1ab06-3782-4ffa-8c68-b983b1dc89bb","465974","Humidity - 465974","19-11-13 09:22","42.06% @ 26.4° C"
"f43341fd-86ff-4727-8c90-8a0cf8c33156","465974","Humidity - 465974","19-11-13 09:12","41.65% @ 26.5° C"
"eb3956ee-77e9-4869-aa86-cd07e7b7f804","465974","Humidity - 465974","19-11-13 09:02","41.08% @ 26.5° C"
"b0797be6-72c9-4e0f-959c-534d2d503a65","465974","Humidity - 465974","19-11-13 08:52","40.92% @ 26.6° C"
"fc48dcb9-e7a4-4ea2-a9f2-6b634c0afa50","465974","Humidity - 465974","19-11-13 08:42","40.85% @ 26.7° C"
"b72fb7b9-0334-465f-94e5-7e4daf82e59f","465974","Humidity - 465974","19-11-13 08:32","40.77% @ 26.6° C"
"97fd9395-8b28-4d87-bff5-f8aa739d49b1","465974","Humidity - 465974","19-11-13 08:22","40.67% @ 26.5° C"
"da4c29d1-41d5-434c-9251-76dffe783e20","465974","Humidity - 465974","19-11-13 08:12","40.74% @ 26.4° C"
"7a3b7706-7ed0-4c24-ab72-d9c8cc26d996","465974","Humidity - 465974","19-11-13 08:02","40.76% @ 26.2° C"
"5597d75e-5f7b-47d2-99a9-31c533b51e4b","465974","Humidity - 465974","19-11-13 07:52","40.53% @ 26° C"
"76d5e587-28b9-410f-b473-6505ec1135f8","465974","Humidity - 465974","19-11-13 07:42","40.66% @ 25.8° C"
"57c6af31-be96-409b-930d-e526d1d422d1","465974","Humidity - 465974","19-11-13 07:32","40.5% @ 25.9° C"
"4e8fd2dc-17e2-4ae7-a5c5-0de28db13897","465974","Humidity - 465974","19-11-13 07:22","39.32% @ 26° C"
"2ef10ec9-d438-48f9-844f-adfe1e65072e","465974","Humidity - 465974","19-11-13 07:12","39.25% @ 26° C"
"14a457f7-044d-4dac-951a-f903f468f9e3","465974","Humidity - 465974","19-11-13 07:02","39.26% @ 26° C"
"74a9bdd7-ed77-4b18-99e9-9fa5e6ab96c2","465974","Humidity - 465974","19-11-13 06:52","39.29% @ 26° C"
"58ffa988-d303-48c5-8db9-1043027a5821","465974","Humidity - 465974","19-11-13 06:42","39.31% @ 26° C"
"dca2aac3-d7c5-43e0-9330-7b126e3e2f88","465974","Humidity - 465974","19-11-13 06:32","39.31% @ 26° C"
"f57f587f-661d-49b1-b5d3-13c72cf4c065","465974","Humidity - 465974","19-11-13 06:22","39.28% @ 26° C"
"a89b291e-f4f9-413f-aae4-9ce6c5de9894","465974","Humidity - 465974","19-11-13 06:12","39.4% @ 26.1° C"
"47b43a83-dffe-4175-8c0e-78f924e112ff","465974","Humidity - 465974","19-11-13 06:02","39.3% @ 26.1° C"
"1bf3c1f4-ee85-4b00-bdae-12b7cff4b73e","465974","Humidity - 465974","19-11-13 05:52","39.37% @ 26.1° C"
"b91f4786-91f6-4e09-adb7-02852b7f3a8e","465974","Humidity - 465974","19-11-13 05:42","39.34% @ 26.1° C"
"1c90d3cf-0ec1-4ea8-8ef2-352161412da7","465974","Humidity - 465974","19-11-13 05:32","39.36% @ 26.1° C"
"5b15281b-d22d-4dfb-be7a-ef566caa368c","465974","Humidity - 465974","19-11-13 05:22","39.31% @ 26.1° C"
"7fefdb87-0343-4624-b12c-5069f662a64b","465974","Humidity - 465974","19-11-13 05:12","39.31% @ 26.1° C"
"1d878af4-67dd-463e-ab17-3fb986b5f339","465974","Humidity - 465974","19-11-13 05:02","39.34% @ 26.1° C"
"bafeac36-ed10-44e4-b506-75270e04f7f2","465974","Humidity - 465974","19-11-13 04:52","39.33% @ 26.1° C"
"0d39d41d-2de4-46db-8841-e30fefbfa991","465974","Humidity - 465974","19-11-13 04:42","39.36% @ 26.2° C"
"c4402f0e-be5a-498f-b96d-90fe429f92eb","465974","Humidity - 465974","19-11-13 04:32","39.39% @ 26.2° C"
"a641bbc0-94f5-45c6-9e69-de836916520c","465974","Humidity - 465974","19-11-13 04:22","39.39% @ 26.2° C"
"cd4e77eb-e036-4313-991a-3b96b398017a","465974","Humidity - 465974","19-11-13 04:12","39.45% @ 26.2° C"
"26e1c7bb-9d35-4074-9ed2-bd453b714428","465974","Humidity - 465974","19-11-13 04:02","39.44% @ 26.2° C"
"225ed876-8fee-4d4e-888a-6f4d557fce39","465974","Humidity - 465974","19-11-13 03:52","39.38% @ 26.2° C"
"d97ade6c-8739-4c8c-b466-1b2961eee573","465974","Humidity - 465974","19-11-13 03:42","39.42% @ 26.2° C"
"ab6f4488-5d51-45e8-a46b-d2ad4fb41bec","465974","Humidity - 465974","19-11-13 03:32","39.39% @ 26.2° C"
"e9594e62-0c4d-4297-b60c-cc2eb47be2c2","465974","Humidity - 465974","19-11-13 03:22","39.39% @ 26.2° C"
"f4f3bfb8-ec3b-4191-8230-297277e6dd2d","465974","Humidity - 465974","19-11-13 03:12","39.45% @ 26.2° C"
"aeb305ec-a9e3-4aea-9fa4-3e8f13386bc1","465974","Humidity - 465974","19-11-13 03:02","39.45% @ 26.2° C"
"6fa7ed7e-78c1-4366-bbbd-d082094796be","465974","Humidity - 465974","19-11-13 02:52","39.41% @ 26.2° C"
"c68e3056-9872-41a8-bb82-bb8be4190f91","465974","Humidity - 465974","19-11-13 02:42","39.44% @ 26.2° C"
"7e5b1f04-ef5f-4567-bade-e315f5abbfce","465974","Humidity - 465974","19-11-13 02:32","39.46% @ 26.2° C"
"783e9b10-0c4a-45c6-b3bd-114aecea3ff0","465974","Humidity - 465974","19-11-13 02:22","39.44% @ 26.2° C"
"21665358-6ccd-4bc1-b623-cf3f86ec6e26","465974","Humidity - 465974","19-11-13 02:12","39.5% @ 26.2° C"
"bf0305b7-2082-431a-83bb-5295a50dd2a1","465974","Humidity - 465974","19-11-13 02:02","39.46% @ 26.2° C"
"6a5a3212-f0d7-4f42-8b73-17f52a75a231","465974","Humidity - 465974","19-11-13 01:52","39.46% @ 26.3° C"
"b6987256-7a8b-4fdb-8bce-826426600414","465974","Humidity - 465974","19-11-13 01:42","39.47% @ 26.2° C"
"3d502a97-8676-4b4e-a606-6dba7648578d","465974","Humidity - 465974","19-11-13 01:32","39.48% @ 26.2° C"
"6d613e53-7140-4af7-950e-c6c90e32d5e0","465974","Humidity - 465974","19-11-13 01:22","39.45% @ 26.2° C"
"314201b5-9528-4d46-ab7b-dcc9bbaf895a","465974","Humidity - 465974","19-11-13 01:12","39.56% @ 26.2° C"
"6c42910f-9c14-4de4-a0f2-ddcef0430a36","465974","Humidity - 465974","19-11-13 01:02","39.5% @ 26.2° C"
"3cde3c23-77d9-423d-86fc-88c652c494b3","465974","Humidity - 465974","19-11-13 00:52","39.61% @ 26.2° C"
"b03b51d2-13e8-480c-a649-6c90d98ba7f8","465974","Humidity - 465974","19-11-13 00:42","39.68% @ 26.3° C"
"c470eaad-817e-4848-9124-82045e1d7ac5","465974","Humidity - 465974","19-11-13 00:32","39.76% @ 26.3° C"
"82e6f9c5-7170-48cf-b455-7f30031e3ecf","465974","Humidity - 465974","19-11-13 00:22","39.76% @ 26.2° C"
"dd1ebe5a-b493-4fbd-954e-af4e40eb8b74","465974","Humidity - 465974","19-11-13 00:12","39.85% @ 26.2° C"
"ca1762ea-32a3-4ba5-87e7-ead7c96d09a3","465974","Humidity - 465974","19-11-13 00:02","39.97% @ 26.2° C"
"cdfd8b18-0424-4055-a7f0-674ba307cbe3","465974","Humidity - 465974","19-11-12 23:52","40.1% @ 26.2° C"
"06e3497c-0cbd-4e09-8237-007149fa4eec","465974","Humidity - 465974","19-11-12 23:42","40.21% @ 26.2° C"
"efbcd6c9-cf6a-4798-a0f2-9ce6ee202279","465974","Humidity - 465974","19-11-12 23:32","40.41% @ 26.2° C"
"bd8c8659-4975-4341-bf79-c04a9d01a723","465974","Humidity - 465974","19-11-12 23:22","40.68% @ 26.2° C"
"b859a589-3b1c-45df-b667-e7be7fedac35","465974","Humidity - 465974","19-11-12 23:12","40.91% @ 26.2° C"
"958166ea-f6e6-44ef-9ff1-062af0c9a5ca","465974","Humidity - 465974","19-11-12 23:02","41.05% @ 26.2° C"
"6b74c151-aa26-4bf5-8b54-f4f22e08fda5","465974","Humidity - 465974","19-11-12 22:52","41.21% @ 26.1° C"
"019c346b-6c4b-4b9d-91e0-77f71267b238","465974","Humidity - 465974","19-11-12 22:42","41.35% @ 26.1° C"
"96364ecf-2f02-4d43-8501-b1f9d3821852","465974","Humidity - 465974","19-11-12 22:32","41.53% @ 26.1° C"
"9b6a89d0-b7e5-4534-9ae0-244819d5e076","465974","Humidity - 465974","19-11-12 22:22","41.71% @ 26.1° C"
"eed9dbf6-4166-4608-8284-231a336e95b3","465974","Humidity - 465974","19-11-12 22:12","41.86% @ 26.1° C"
"6776b714-490d-4128-a3c2-504d2bb924a3","465974","Humidity - 465974","19-11-12 22:02","41.98% @ 26° C"
"444b61c1-7db6-48ec-acd8-6f60aaaa68bd","465974","Humidity - 465974","19-11-12 21:52","42.2% @ 26° C"
"30f99735-1654-4f52-b30a-d17cd891a8b0","465974","Humidity - 465974","19-11-12 21:42","42.35% @ 26° C"
"7cc681ad-36a9-4c49-8676-af5d56a1ac11","465974","Humidity - 465974","19-11-12 21:32","42.56% @ 26° C"
"ed1f5645-ad5b-4931-becd-7434bb0a1134","465974","Humidity - 465974","19-11-12 21:22","42.75% @ 26° C"
"26dde6de-3ede-43de-8129-8ef1e485c353","465974","Humidity - 465974","19-11-12 21:12","42.96% @ 25.9° C"
"c99b9714-0fd6-4aa6-8d02-f8e8addc72eb","465974","Humidity - 465974","19-11-12 21:02","43.1% @ 25.9° C"
"a87b4f00-0235-4ca8-97f0-74d40f66cc3a","465974","Humidity - 465974","19-11-12 20:52","43.34% @ 25.9° C"
"1bb74dc6-9e10-4bbe-b781-047808999732","465974","Humidity - 465974","19-11-12 20:42","43.6% @ 25.8° C"
"deb95c13-634f-4357-a0ea-7602546460ed","465974","Humidity - 465974","19-11-12 20:32","43.76% @ 25.8° C"
"3b9b1d04-874b-49af-9b55-4720398a92fe","465974","Humidity - 465974","19-11-12 20:22","43.95% @ 25.7° C"
"eac09e2f-c38c-43ef-8d42-341b165aea20","465974","Humidity - 465974","19-11-12 20:12","44.09% @ 25.7° C"
"6ca2cb81-a765-4129-a0bf-7b7e466efe50","465974","Humidity - 465974","19-11-12 20:02","44.16% @ 25.6° C"
"f987adb0-7b31-4bf5-b309-7f5362ee1432","465974","Humidity - 465974","19-11-12 19:52","44.38% @ 25.6° C"
"db30d51e-7a03-4527-8b2d-c566199fe7f5","465974","Humidity - 465974","19-11-12 19:42","44.66% @ 25.5° C"
"cf93a41a-4551-4574-83ba-cb56f182a568","465974","Humidity - 465974","19-11-12 19:32","44.91% @ 25.4° C"
"1cf26f3c-0062-495a-8ff1-f7ebf72f6aea","465974","Humidity - 465974","19-11-12 19:22","45.17% @ 25.3° C"
"9a27c416-4d8a-4ee2-a691-7f2892ab06ac","465974","Humidity - 465974","19-11-12 19:12","45.44% @ 25.3° C"
"acaaad1e-23c1-4d8e-835e-2707288b8f82","465974","Humidity - 465974","19-11-12 19:02","45.67% @ 25.2° C"
"1b8c74d2-170c-4eb1-a190-d96a9c0e57b4","465974","Humidity - 465974","19-11-12 18:52","46.02% @ 25.1° C"
"954714c4-a79d-4d85-bcea-27ba229058ee","465974","Humidity - 465974","19-11-12 18:42","46.16% @ 25.1° C"
"8ff05a43-0273-416f-9a9b-5425d2cd699c","465974","Humidity - 465974","19-11-12 18:32","46.74% @ 25° C"
"38b735d6-a629-4791-805b-fd8ffa031570","465974","Humidity - 465974","19-11-12 18:22","46.86% @ 24.7° C"
"c53edb2d-8c4f-40a8-ac23-2f5a233a187e","465974","Humidity - 465974","19-11-12 18:12","47.41% @ 24.5° C"
"d9b5010f-adaa-4c7e-bece-c23288bd5be1","465974","Humidity - 465974","19-11-12 18:02","47.58% @ 24.3° C"
"7c7caae0-2621-406a-908d-d4e8127e8960","465974","Humidity - 465974","19-11-12 17:52","46.55% @ 24° C"
"ead18a59-7879-457a-8ea4-0da7820d4562","465974","Humidity - 465974","19-11-12 17:42","44.51% @ 23.8° C"
"89838de3-5694-45ab-8fe5-051b428df7be","465974","Humidity - 465974","19-11-12 17:32","44% @ 23.8° C"
"a668a858-9b86-4d88-bdd3-223044009bbd","465974","Humidity - 465974","19-11-12 17:22","43.83% @ 23.9° C"
"ac544b1c-6f17-4c80-a8f7-8fece3a12af2","465974","Humidity - 465974","19-11-12 17:12","43.66% @ 23.9° C"
"08ee3e06-d8a0-4e43-9b6e-e66116f9af86","465974","Humidity - 465974","19-11-12 17:02","43.48% @ 24° C"
"a1d4152a-88c9-403e-9226-9c2766defe31","465974","Humidity - 465974","19-11-12 16:52","43.39% @ 24° C"
"f0149316-7f4e-412c-b89c-6ea50d30a269","465974","Humidity - 465974","19-11-12 16:42","43.34% @ 24° C"
"a6f547f7-f674-410f-a514-2d93b88b94e9","465974","Humidity - 465974","19-11-12 16:32","43.24% @ 24.1° C"
"06e17294-b2ea-4299-bead-aae45820dc6f","465974","Humidity - 465974","19-11-12 16:22","43.1% @ 24.1° C"
"6b54e75d-4a4e-41f1-8845-a23ce3942c18","465974","Humidity - 465974","19-11-12 16:12","43.09% @ 24.2° C"
"7622befa-84de-4cf9-b01a-c7c00ceebe84","465974","Humidity - 465974","19-11-12 16:02","43.06% @ 24.2° C"
"ef1d9580-8c06-4634-9a90-71daedc886cb","465974","Humidity - 465974","19-11-12 15:52","42.99% @ 24.3° C"
"61c3b4a9-9c94-4f8c-9ce6-57dea6fc7031","465974","Humidity - 465974","19-11-12 15:42","42.93% @ 24.3° C"
"a1868256-cf28-4dc2-8947-b1e9126d9988","465974","Humidity - 465974","19-11-12 15:32","42.93% @ 24.4° C"
"1585b14a-6662-44ae-93d3-840a972dac67","465974","Humidity - 465974","19-11-12 15:22","42.95% @ 24.4° C"
"8888e5d5-d2e8-4c73-a36a-cbf77ebf1384","465974","Humidity - 465974","19-11-12 15:12","42.94% @ 24.5° C"
"960d0e38-4fef-4c6e-8923-e994cad0b23e","465974","Humidity - 465974","19-11-12 15:02","42.96% @ 24.5° C"
"fbcffc64-0f8a-4580-be47-e25a7434e60d","465974","Humidity - 465974","19-11-12 14:52","43.05% @ 24.6° C"
"db57cd12-1fcb-4b8e-880a-f62243da6c03","465974","Humidity - 465974","19-11-12 14:42","43.02% @ 24.6° C"
"eb8eb3a4-24a3-4adb-9441-94dcb0f8a361","465974","Humidity - 465974","19-11-12 14:32","43.03% @ 24.7° C"
"4778a0b2-63fa-4e5d-b8b2-560a794e22d0","465974","Humidity - 465974","19-11-12 14:22","42.92% @ 24.7° C"
"2ab00c8a-73a5-4d91-8487-30eb375df022","465974","Humidity - 465974","19-11-12 14:12","42.85% @ 24.8° C"
"265d61ab-d509-413a-b9a3-417762d53eb8","465974","Humidity - 465974","19-11-12 14:02","42.86% @ 24.8° C"
"82e03554-3053-4fae-a3bd-5b2e17ad5f7f","465974","Humidity - 465974","19-11-12 13:52","42.82% @ 24.9° C"
"4133cc7f-1849-4f8a-a3d2-c8ce4bb93fe6","465974","Humidity - 465974","19-11-12 13:42","42.97% @ 24.9° C"
"590d289a-0657-4fcb-92cb-9e9ffd61894b","465974","Humidity - 465974","19-11-12 13:32","42.92% @ 24.9° C"
"9c6f4da3-6de1-4fd0-8eb5-4e105f685c66","465974","Humidity - 465974","19-11-12 13:22","42.51% @ 24.9° C"
"9a4303c2-0c41-4482-9e96-bbf347454c9e","465974","Humidity - 465974","19-11-12 13:12","42.38% @ 25° C"
"f36521eb-95ae-434d-9533-28ef7fbc4066","465974","Humidity - 465974","19-11-12 13:02","42.44% @ 25.2° C"
"5557bc05-1509-40f0-91ac-c146ac75495d","465974","Humidity - 465974","19-11-12 12:52","42.37% @ 25.3° C"
"3303a44e-9d5b-459a-afd0-3628115ea095","465974","Humidity - 465974","19-11-12 12:42","42.41% @ 25.3° C"
"e4942915-9053-472e-ad3d-abd9c9d7085c","465974","Humidity - 465974","19-11-12 12:32","42.39% @ 25.3° C"
"675e9d2a-fde9-4821-8979-d67176259b7a","465974","Humidity - 465974","19-11-12 12:22","42.21% @ 25.4° C"
"1b557ec5-1902-4d40-b980-9fac7ea474ce","465974","Humidity - 465974","19-11-12 12:12","42.13% @ 25.4° C"
"604277c8-3a1c-4506-ae68-f6138cef198f","465974","Humidity - 465974","19-11-12 12:02","41.98% @ 25.4° C"
"eac71289-4873-49b7-8ee7-befa06b851b7","465974","Humidity - 465974","19-11-12 11:52","41.83% @ 25.4° C"
"31fd0eb2-5ef6-41e0-a95f-2922b5ec2074","465974","Humidity - 465974","19-11-12 11:42","41.81% @ 25.5° C"
"5f5c468f-8f33-4546-bf5f-0f1714254728","465974","Humidity - 465974","19-11-12 11:32","41.66% @ 25.6° C"
"662af942-67a3-4077-acca-290b8d5bcbb5","465974","Humidity - 465974","19-11-12 11:22","41.53% @ 25.6° C"
"437e7b53-93de-4ccb-8b5c-c0b6efbe7384","465974","Humidity - 465974","19-11-12 11:12","41.08% @ 25.7° C"
"7bd1aec9-b540-44cd-93c0-fcc7365101f6","465974","Humidity - 465974","19-11-12 11:02","41.15% @ 25.6° C"
"9429db43-b04e-46bd-a030-246bf1bfc587","465974","Humidity - 465974","19-11-12 10:52","41.18% @ 25.6° C"
"584b5355-7669-4b8c-a080-7ea6f3921ad7","465974","Humidity - 465974","19-11-12 10:42","41.12% @ 25.6° C"
"379e094a-6223-4617-965a-ad6a73c300e1","465974","Humidity - 465974","19-11-12 10:32","40.94% @ 25.6° C"
"ca1e4cec-b597-4810-9cf9-3f713c411763","465974","Humidity - 465974","19-11-12 10:22","40.84% @ 25.7° C"
"74af6a83-ea69-403a-b2ea-8e025b8c2caa","465974","Humidity - 465974","19-11-12 10:12","40.73% @ 25.7° C"
"bee7a527-21c6-41ae-b9c3-3be42a9a3602","465974","Humidity - 465974","19-11-12 10:02","40.75% @ 25.8° C"
"1f892ae8-bce6-4542-8ce6-660307a30bcf","465974","Humidity - 465974","19-11-12 09:52","40.57% @ 25.8° C"
"11d26c9c-8be6-4369-a634-284df3c488dc","465974","Humidity - 465974","19-11-12 09:42","40.37% @ 25.8° C"
"45f225ac-d8b2-4840-bc11-acf5e7a0e48d","465974","Humidity - 465974","19-11-12 09:32","40.08% @ 25.9° C"
"87e6d9d2-b8cc-4409-9341-21938fc47774","465974","Humidity - 465974","19-11-12 09:22","39.88% @ 25.9° C"
"9ed6b05e-4254-4632-b3cf-56dc293a6b13","465974","Humidity - 465974","19-11-12 09:12","39.62% @ 26.1° C"
"1b5d0b98-54aa-4535-b5b1-fb0c57512dac","465974","Humidity - 465974","19-11-12 09:02","39.3% @ 26.1° C"
"43f61cd4-b31b-4e0a-8db5-1c7a36353d0c","465974","Humidity - 465974","19-11-12 08:52","38.92% @ 26.3° C"
"71db8af6-44bb-47d4-8324-370262e8ab50","465974","Humidity - 465974","19-11-12 08:42","38.68% @ 26.4° C"
"d90a03d2-7dcd-40b5-9da7-cc6b3de17495","465974","Humidity - 465974","19-11-12 08:32","38.07% @ 26.7° C"
"4e68a324-0cbb-4bc0-ad1f-7ee20ddc754c","465974","Humidity - 465974","19-11-12 08:22","37.53% @ 27° C"
"8ce73524-4103-454a-aaa2-104a2de971cd","465974","Humidity - 465974","19-11-12 08:12","37.14% @ 27.4° C"
"2d171204-de18-4504-bfc5-b8ee9466202c","465974","Humidity - 465974","19-11-12 08:02","37.07% @ 27.5° C"
"c3ce676b-6f35-458d-9baf-909e8cec6e18","465974","Humidity - 465974","19-11-12 07:52","37.12% @ 27.4° C"
"747ce672-ba73-4a59-be08-ecf809310b76","465974","Humidity - 465974","19-11-12 07:42","37.09% @ 27.3° C"
"5befd5b2-1690-4ce5-bdde-86a35ccfe931","465974","Humidity - 465974","19-11-12 07:32","37.22% @ 27.2° C"
"a7f316e4-1104-4750-9963-4f6e40ee2192","465974","Humidity - 465974","19-11-12 07:22","37.27% @ 27.1° C"
"dcd2549c-fd21-424b-b1f4-ffc947562c23","465974","Humidity - 465974","19-11-12 07:12","37.36% @ 27.1° C"
"bd7b33c0-0644-44bd-a07d-e2a8d89f1dfc","465974","Humidity - 465974","19-11-12 07:02","37.49% @ 27° C"
"199bb21f-c5ac-4457-b366-95999e93345d","465974","Humidity - 465974","19-11-12 06:52","37.74% @ 26.9° C"
"0d4d7813-6022-45a7-848a-cb2cc069c7cf","465974","Humidity - 465974","19-11-12 06:42","37.83% @ 26.8° C"
"2ce3e3cf-b2c2-4841-8dac-8e7392017d33","465974","Humidity - 465974","19-11-12 06:32","37.8% @ 26.8° C"
"632f36fa-a599-47d3-bd3b-50145a6bbcd0","465974","Humidity - 465974","19-11-12 06:22","37.87% @ 26.9° C"
"e0b029c0-25c4-48d0-b5ec-01bb18b23709","465974","Humidity - 465974","19-11-12 06:12","37.9% @ 26.8° C"
"b250ca06-c404-40cf-8665-0b6fe4255abb","465974","Humidity - 465974","19-11-12 06:02","37.89% @ 26.9° C"
"d5f3b53b-b138-4963-b494-aff29b18d0cd","465974","Humidity - 465974","19-11-12 05:52","37.93% @ 26.9° C"
"8ae2f281-6eac-4210-b174-41b365f167a8","465974","Humidity - 465974","19-11-12 05:42","37.93% @ 26.9° C"
"b53bcdb5-6f2a-4486-976b-01d9ba096cc4","465974","Humidity - 465974","19-11-12 05:32","37.97% @ 26.9° C"
"35bf17a7-6442-4be9-80e6-c7b24db4d3ec","465974","Humidity - 465974","19-11-12 05:22","37.97% @ 26.9° C"
"dbecb8de-89b9-48c6-ae94-daaaa8fb7698","465974","Humidity - 465974","19-11-12 05:12","37.98% @ 26.9° C"
"4e3e30f5-e7c8-4b00-9ced-6089f863ae9c","465974","Humidity - 465974","19-11-12 05:02","38% @ 27° C"
"9bd00b6a-888c-45e4-aa5e-adcd31bdadc3","465974","Humidity - 465974","19-11-12 04:52","37.98% @ 27° C"
"eb4072cb-4e16-4200-a0a5-bd431e5ac342","465974","Humidity - 465974","19-11-12 04:42","38.05% @ 27° C"
"95d16156-2486-4dd6-a5b4-a91dc17f2837","465974","Humidity - 465974","19-11-12 04:32","38.07% @ 27° C"
"63fcf711-2e14-4a15-b824-d6de9f0c7924","465974","Humidity - 465974","19-11-12 04:22","38.09% @ 27° C"
"6c5edf47-66fd-42a0-8a76-b982058a2f10","465974","Humidity - 465974","19-11-12 04:12","38.15% @ 27° C"
"814a2722-1d93-4562-aeff-7a92f46c82d8","465974","Humidity - 465974","19-11-12 04:02","38.13% @ 27.1° C"
"441d6eb7-1f5f-4483-ba3f-0a80946df7f0","465974","Humidity - 465974","19-11-12 03:52","38.18% @ 27.1° C"
"0d66d7f6-6c1e-4cd2-a39c-aa99da91d09b","465974","Humidity - 465974","19-11-12 03:42","38.14% @ 27.1° C"
"9b1fa5aa-f19d-4f71-9177-6d15061b7de4","465974","Humidity - 465974","19-11-12 03:32","38.16% @ 27.1° C"
"7a0598ab-2d1a-4a4b-928f-1d71d5b59ed8","465974","Humidity - 465974","19-11-12 03:22","38.19% @ 27.1° C"
"177e00e7-58fb-475f-b7d1-a7c354f90c89","465974","Humidity - 465974","19-11-12 03:12","38.2% @ 27.1° C"
"3cdec2e8-a119-4479-91a1-777cbbd42d18","465974","Humidity - 465974","19-11-12 03:02","38.19% @ 27.1° C"
"c7ddcbe7-305f-4403-955d-894204652d9b","465974","Humidity - 465974","19-11-12 02:52","38.2% @ 27.1° C"
"ffeab976-6466-4401-b97b-e2329a42687d","465974","Humidity - 465974","19-11-12 02:42","38.19% @ 27.2° C"
"761005ff-7826-495e-b6fc-a3ff9b092964","465974","Humidity - 465974","19-11-12 02:32","38.24% @ 27.2° C"
"69c4e56d-43a0-43da-9502-7e512d1af85c","465974","Humidity - 465974","19-11-12 02:22","38.27% @ 27.2° C"
"7ef71117-20a1-471a-a250-09e56e936cc8","465974","Humidity - 465974","19-11-12 02:12","38.33% @ 27.2° C"
"87dd3cb6-89ac-4ed1-b47d-eed607859653","465974","Humidity - 465974","19-11-12 02:02","38.31% @ 27.2° C"
"d543bdd9-510f-417e-8722-e1fb63835027","465974","Humidity - 465974","19-11-12 01:52","38.3% @ 27.2° C"
"adbaf418-cabe-4d1c-8afd-7a941967b45a","465974","Humidity - 465974","19-11-12 01:42","38.33% @ 27.2° C"
"20c2746d-9a18-4aeb-8165-74b89c1d7182","465974","Humidity - 465974","19-11-12 01:32","38.31% @ 27.2° C"
"5e507b1a-403c-404e-aa07-b2e16c39d804","465974","Humidity - 465974","19-11-12 01:22","38.39% @ 27.3° C"
"be0e3e9b-0071-4d23-8e34-2cab1c3b2d4f","465974","Humidity - 465974","19-11-12 01:12","38.35% @ 27.3° C"
"736b8cd9-f969-46c9-a587-ab39e6592b2c","465974","Humidity - 465974","19-11-12 01:02","38.35% @ 27.3° C"
"dcee5699-2e9e-49df-92c2-d5f87d1278b2","465974","Humidity - 465974","19-11-12 00:52","38.35% @ 27.3° C"
"6f4dca26-b6f4-4ada-b5a4-56a3e25069ea","465974","Humidity - 465974","19-11-12 00:42","38.41% @ 27.3° C"
"1ad2edda-3a55-4937-80db-07c482ca4a30","465974","Humidity - 465974","19-11-12 00:32","38.4% @ 27.3° C"
"449329a7-1603-4873-a526-180bb2febf43","465974","Humidity - 465974","19-11-12 00:22","38.45% @ 27.3° C"
"6240ef45-8fcc-49fd-928b-2117149e69d1","465974","Humidity - 465974","19-11-12 00:12","38.37% @ 27.3° C"
"918f3c2a-d7fd-4b78-b628-4c3d20d1d19e","465974","Humidity - 465974","19-11-12 00:02","38.41% @ 27.4° C"
"d4f35abe-ce11-4450-8e9b-65e7a48ccd9c","465974","Humidity - 465974","19-11-11 23:52","38.46% @ 27.4° C"
"23b318d6-aa50-4866-9220-bc11a51f6c3d","465974","Humidity - 465974","19-11-11 23:42","38.46% @ 27.4° C"
"28b39af2-c841-4895-ac2f-a32febecb1c2","465974","Humidity - 465974","19-11-11 23:32","38.5% @ 27.4° C"
"7e9876b8-195a-4319-bbf1-03bd6ba6c0ba","465974","Humidity - 465974","19-11-11 23:22","38.56% @ 27.4° C"
"6ef58354-0b24-47dc-abff-1147503db5ec","465974","Humidity - 465974","19-11-11 23:12","38.51% @ 27.4° C"
"c1ad793b-1c87-468f-812a-ca3851b1efd7","465974","Humidity - 465974","19-11-11 23:02","38.59% @ 27.4° C"
"450e4277-616b-4d5a-8aeb-a5d43026651c","465974","Humidity - 465974","19-11-11 22:52","38.57% @ 27.4° C"
"655df360-1d34-42f4-8170-77438a25ee77","465974","Humidity - 465974","19-11-11 22:42","38.66% @ 27.5° C"
"17a8c6a9-e1c6-4be2-85aa-bb44d0b5bcd5","465974","Humidity - 465974","19-11-11 22:32","38.67% @ 27.5° C"
"871392d1-bb96-4331-81db-b881c21ca3e3","465974","Humidity - 465974","19-11-11 22:22","38.74% @ 27.5° C"
"f863d8d9-1397-42ee-ae47-3ea566888df8","465974","Humidity - 465974","19-11-11 22:12","38.73% @ 27.5° C"
"9744d0b3-62a5-4671-80eb-cd65f882e0ff","465974","Humidity - 465974","19-11-11 22:02","38.76% @ 27.5° C"
"239c39bf-6540-491f-bd2d-33489f57dd2b","465974","Humidity - 465974","19-11-11 21:52","38.79% @ 27.5° C"
"95f2b22e-d7ad-4bca-8470-7e2bd471c61b","465974","Humidity - 465974","19-11-11 21:42","38.86% @ 27.5° C"
"88d2360d-00f7-4b99-b0ae-2cbb02572df9","465974","Humidity - 465974","19-11-11 21:32","38.98% @ 27.5° C"
"d2a8b365-3d6b-4b50-a5fd-85b480355f3f","465974","Humidity - 465974","19-11-11 21:22","39.04% @ 27.5° C"
"5863e56e-ccc7-4641-a15a-8f6da385d31d","465974","Humidity - 465974","19-11-11 21:12","39.08% @ 27.5° C"
"e5d6f584-ddda-4861-8c0c-58f1ac999a1a","465974","Humidity - 465974","19-11-11 21:02","39.05% @ 27.6° C"
"3d3acfc4-2405-4b8e-b763-90e4b13cc748","465974","Humidity - 465974","19-11-11 20:52","39.06% @ 27.6° C"
"18b3dc49-98a3-46da-b2f1-e99d6fb735af","465974","Humidity - 465974","19-11-11 20:42","39.07% @ 27.6° C"
"a83fa9ea-1bb4-4544-9e77-3807fa2b36f2","465974","Humidity - 465974","19-11-11 20:32","39.03% @ 27.6° C"
"297a81ac-ebe1-4a6d-acc9-edd3fbe17d3d","465974","Humidity - 465974","19-11-11 20:22","39.1% @ 27.6° C"
"ee7419c3-0330-4509-b41a-692a6a035c04","465974","Humidity - 465974","19-11-11 20:12","39.09% @ 27.6° C"
"304446b0-6309-48e6-8938-7ae789e5e79f","465974","Humidity - 465974","19-11-11 20:02","38.98% @ 27.6° C"
"c0e3e30b-04dd-4177-91a9-d63ab297eee8","465974","Humidity - 465974","19-11-11 19:52","38.99% @ 27.6° C"
"6675bb91-ec71-4f86-9f0b-1dac1d642132","465974","Humidity - 465974","19-11-11 19:42","39.01% @ 27.6° C"
"1642b286-87a8-462d-8bc9-cc2aff91ab1a","465974","Humidity - 465974","19-11-11 19:32","39.05% @ 27.7° C"
"7dc3b031-f78a-45f2-b4f0-86d33048af96","465974","Humidity - 465974","19-11-11 19:22","39.15% @ 27.6° C"
"08227c50-f4b9-4844-b78e-22f7442a6351","465974","Humidity - 465974","19-11-11 19:12","39.15% @ 27.7° C"
"a250b094-b466-42df-85a0-435a1ed3698f","465974","Humidity - 465974","19-11-11 19:02","39.28% @ 27.7° C"
"65de6b1d-e0c6-4ec7-9868-6e78405f730e","465974","Humidity - 465974","19-11-11 18:52","39.38% @ 27.7° C"
"3bbe1ed2-ce18-4fd2-83e5-77ca6b09e200","465974","Humidity - 465974","19-11-11 18:42","39.51% @ 27.7° C"
"bc870d9e-10f3-46f8-8d79-0b7f2ebf7aaa","465974","Humidity - 465974","19-11-11 18:32","39.75% @ 27.7° C"
"af44fae8-0c12-4858-b16b-92b1cfc8a520","465974","Humidity - 465974","19-11-11 18:22","39.92% @ 27.7° C"
"74927676-12f7-4899-bdcb-189a7a4922dc","465974","Humidity - 465974","19-11-11 18:12","39.93% @ 27.7° C"
"c7282c3a-30e0-4a9d-be1a-2893a74359e7","465974","Humidity - 465974","19-11-11 18:02","40.09% @ 27.8° C"
"15fda61f-03b8-4921-8ecf-940cc878372f","465974","Humidity - 465974","19-11-11 17:52","40.32% @ 27.8° C"
"97f5b98c-a519-4335-a493-ab63de13cb96","465974","Humidity - 465974","19-11-11 17:42","40.85% @ 27.9° C"
"e306e814-ab0b-461c-9c73-8e83101af428","465974","Humidity - 465974","19-11-11 17:32","41.46% @ 27.8° C"
"a4f9cf56-97e7-4d46-953c-7cc01c05b740","465974","Humidity - 465974","19-11-11 17:22","41.84% @ 27.7° C"
"e78c115e-34a6-4c2e-8b9d-98ccc2bcbbcb","465974","Humidity - 465974","19-11-11 17:12","42.21% @ 27.5° C"
"1ee1fd92-0782-4975-9be1-b4fd21ad7984","465974","Humidity - 465974","19-11-11 17:02","42.41% @ 27.3° C"
"1edfec36-1479-4612-97e5-86fb59c5b5cd","465974","Humidity - 465974","19-11-11 16:52","43.02% @ 27.1° C"
"002a2338-17e9-42b2-93fe-95f10ec9ec5a","465974","Humidity - 465974","19-11-11 16:42","43.28% @ 26.8° C"
"ebfb577f-4352-4073-8132-88a3be1436bf","465974","Humidity - 465974","19-11-11 16:32","43.12% @ 26.6° C"
"535bfcbf-4743-471e-ae57-42043cc3f3b7","465974","Humidity - 465974","19-11-11 16:22","42.74% @ 26.4° C"
"b2e34d09-7d4f-4219-ae04-c058a5a8565c","465974","Humidity - 465974","19-11-11 16:12","41.8% @ 26.3° C"
"e20affec-d090-44bf-b794-24d95d0364c2","465974","Humidity - 465974","19-11-11 16:02","41.28% @ 26.3° C"
"26d03ad7-4689-4fab-a2a1-0f1e6f02f9f0","465974","Humidity - 465974","19-11-11 15:52","41.27% @ 26.3° C"
"42f4a978-2e62-49a7-a48c-bdca65a6fa72","465974","Humidity - 465974","19-11-11 15:42","41.79% @ 26.3° C"
"2f370734-f068-45f9-a9ad-6c51dfa3fc31","465974","Humidity - 465974","19-11-11 15:32","41.42% @ 26.2° C"
"c1c445ca-7b56-4a65-88a1-93fd2ba636c6","465974","Humidity - 465974","19-11-11 15:22","41.19% @ 26.2° C"
"55cdd621-be73-45f1-a74b-8a3957cecb5c","465974","Humidity - 465974","19-11-11 15:12","41.1% @ 26.3° C"
"c2a12d30-52ef-4547-966c-7ee1920619b9","465974","Humidity - 465974","19-11-11 15:02","41.03% @ 26.4° C"
"6dee013b-cecc-4389-8d71-49b4e5cfb034","465974","Humidity - 465974","19-11-11 14:52","41.15% @ 26.4° C"
"9e12ab7f-a95e-4de6-8df5-f1f53f8f9f49","465974","Humidity - 465974","19-11-11 14:42","40.9% @ 26.4° C"
"eb8c1eaf-cda8-4e16-81e0-d16847d8fba9","465974","Humidity - 465974","19-11-11 14:32","40.53% @ 26.4° C"
"d121e038-aefe-47ee-ac11-dcf96a5098da","465974","Humidity - 465974","19-11-11 14:22","40.65% @ 26.4° C"
"3cad19d8-ede9-4453-8b45-bd941c657db3","465974","Humidity - 465974","19-11-11 14:12","40.19% @ 26.4° C"
"c030ca15-53c6-4d83-badb-4c2d00575725","465974","Humidity - 465974","19-11-11 14:02","39.93% @ 26.6° C"
"f9605d36-83e8-4707-9692-b8d996c205cc","465974","Humidity - 465974","19-11-11 13:52","39.66% @ 26.8° C"
"5c32e90d-1ece-445c-b601-d9ae29828e2b","465974","Humidity - 465974","19-11-11 13:42","40.07% @ 26.8° C"
"6def244d-ef7b-4f3a-9b5d-d8e1740ab8bb","465974","Humidity - 465974","19-11-11 13:32","40.03% @ 26.7° C"
"7f549f80-ce36-4419-8eb4-f733263cb846","465974","Humidity - 465974","19-11-11 13:22","39.39% @ 26.8° C"
"b141fefd-285c-4791-b361-bff7bc868677","465974","Humidity - 465974","19-11-11 13:12","39.29% @ 26.9° C"
"f073c735-27cf-4533-8c6e-dbf2a459c79a","465974","Humidity - 465974","19-11-11 13:02","39.14% @ 26.9° C"
"decc7edd-c381-4ec6-a337-8b66053a01bf","465974","Humidity - 465974","19-11-11 12:52","38.98% @ 26.9° C"
"11e81b55-a3ec-4c0d-b1d1-e86d76de011f","465974","Humidity - 465974","19-11-11 12:42","38.59% @ 26.8° C"
"b45e5968-5146-4b01-8de4-5519506c896f","465974","Humidity - 465974","19-11-11 12:32","38.5% @ 26.9° C"
"a6d896fb-a02f-4ed3-8cac-d2715e24928d","465974","Humidity - 465974","19-11-11 12:22","37.7% @ 27° C"
"9180affa-4864-48f6-8994-6a8807fef597","465974","Humidity - 465974","19-11-11 12:12","37.98% @ 27.2° C"
"b5b02a6f-3a0c-40aa-b01b-9cdd3b3a9184","465974","Humidity - 465974","19-11-11 12:02","38.37% @ 27.2° C"
"ae7f7ca1-920f-45bb-9b1a-ca7a9439c57e","465974","Humidity - 465974","19-11-11 11:52","38.09% @ 27.3° C"
"7615919d-ded6-469f-9050-806b21afecc6","465974","Humidity - 465974","19-11-11 11:42","37.93% @ 27.4° C"
"0ba9fda0-53c1-4096-9e47-dd07189819d9","465974","Humidity - 465974","19-11-11 11:32","37.63% @ 27.5° C"
"24ed17db-ff91-4778-8bd9-3ffcd6fb9380","465974","Humidity - 465974","19-11-11 11:22","37.54% @ 27.5° C"
"b074e9cd-6108-44f3-8684-bfeee181dd7e","465974","Humidity - 465974","19-11-11 11:12","37.95% @ 27.6° C"
"bde2eeea-1da7-4cb4-9bf4-4cfe3cad671e","465974","Humidity - 465974","19-11-11 11:02","37.86% @ 27.5° C"
"7d8aa247-ff3a-4c2d-b130-e9844c215688","465974","Humidity - 465974","19-11-11 10:52","37.6% @ 27.4° C"
"c8ed8cee-da4c-4308-8666-45303920f691","465974","Humidity - 465974","19-11-11 10:42","37.05% @ 27.5° C"
"efad3282-2e82-4322-b210-a517201606a1","465974","Humidity - 465974","19-11-11 10:32","37.05% @ 27.5° C"
"3f0c093a-3a98-4b2e-8849-d5f5d1ca3dc2","465974","Humidity - 465974","19-11-11 10:22","37.08% @ 27.5° C"
"b56df317-a358-4d9c-8a91-69c02b3fb8a2","465974","Humidity - 465974","19-11-11 10:12","36.7% @ 27.4° C"
"28eea0bc-2e28-4d34-9a35-c7a61d1e22d1","465974","Humidity - 465974","19-11-11 10:02","36.57% @ 27.3° C"
"c5201a74-bf59-4b02-a012-05c08982203b","465974","Humidity - 465974","19-11-11 09:52","36.75% @ 27.4° C"
"62fe8930-9c4e-4f0e-a892-94f8ed9975c0","465974","Humidity - 465974","19-11-11 09:42","36.22% @ 27.4° C"
"2d07b5a7-00f6-41cf-8690-d0109102fd93","465974","Humidity - 465974","19-11-11 09:32","36.15% @ 27.5° C"
"745d82d4-f5ee-45fe-996c-4daa158f5f04","465974","Humidity - 465974","19-11-11 09:22","35.51% @ 27.4° C"
"5baa9fdf-4c5b-40f4-8c1d-3e78e5262e66","465974","Humidity - 465974","19-11-11 09:12","35.33% @ 27.5° C"
"b4e8de47-0cc7-4cb1-bf58-c4e8beb376ef","465974","Humidity - 465974","19-11-11 09:02","35.04% @ 27.7° C"
"3cb24500-0a9e-45ba-a3c9-2f70b78e227f","465974","Humidity - 465974","19-11-11 08:52","36.11% @ 28.7° C"
"520be8b2-82d9-4fb6-87e5-aab69b7eaad4","465974","Humidity - 465974","19-11-11 08:52","36.82% @ 28.8° C"
"7b62df6c-cbae-4a15-b017-c9fc7166255c","465974","Humidity - 465974","19-11-11 08:51","38.25% @ 28.9° C"
"e5157c45-654f-40cf-b043-0da323c270ad","465974","Humidity - 465974","19-11-11 08:51","39.46% @ 29.1° C"
